id,plant_id,name,class,subclass,molecular_formula,molecular_weight,smiles,inchikey,pubchem_cid,detection_method,mz_observed,ionization_mode,rt_min,fragment_ions,adduct,notes
1,1,Geraniin,polyphenol,ellagitannin,C41H28O27,952.59,,,,UPLC-ESI-MS,951.1,negative,,,[M-H]-,
2,1,Ellagic acid,polyphenol,ellagitannin,C14H6O8,302.19,,,,UPLC-ESI-MS,301.0,negative,,,[M-H]-,
3,1,Apigenin,flavonoid,flavone,C15H10O5,270.24,,,,UPLC-ESI-MS,269.0,negative,,,[M-H]-,
4,1,Quercetin,flavonoid,flavonol,C15H10O7,302.24,,,,UPLC-ESI-MS,301.0,negative,,,[M-H]-,
5,1,Gallic acid,polyphenol,phenolic acid,C7H6O5,170.12,,,,UPLC-ESI-MS,169.0,negative,,,[M-H]-,
6,2,Catechin,flavonoid,flavan-3-ol,C15H14O6,290.27,,,,UPLC-ESI-MS,289.1,negative,,,[M-H]-,
7,2,Gallic acid,polyphenol,phenolic acid,C7H6O5,170.12,,,,UPLC-ESI-MS,169.0,negative,,,[M-H]-,
8,2,p-Coumaric acid,polyphenol,hydroxycinnamic acid,C9H8O3,164.16,,,,UPLC-ESI-MS,163.0,negative,,,[M-H]-,
9,3,Linalool,terpenoid,monoterpene,,,,,,GC-MS,,,,,,
10,3,Camphor,terpenoid,monoterpene ketone,,,,,,GC-MS,,,,,,
11,3,Fenchone,terpenoid,monoterpene ketone,,,,,,GC-MS,,,,,,
12,3,"1,8-Cineole",terpenoid,monoterpene oxide,,,,,,GC-MS,,,,,,
13,3,Borneol,terpenoid,monoterpene,,,,,,GC-MS,,,,,,
14,3,Fenchyl acetate,terpenoid,monoterpene ester,,,,,,GC-MS,,,,,,
15,4,Camphor,terpenoid,monoterpene ketone,,,,,,GC-MS,,,,,,
16,4,Artemisia ketone,terpenoid,irregular monoterpene,,,,,,GC-MS,,,,,,
17,4,Carvacrol,terpenoid,phenylpropanoid monoterpene,,,,,,GC-MS,,,,,,
18,4,alpha-Thujone,terpenoid,monoterpene,,,,,,GC-MS,,,,,,
19,4,Chrysartemin A,terpenoid,sesquiterpene lactone,,,,,,HPLC,,,,,,
20,4,beta-Thujone,terpenoid,monoterpene,,,,,,GC-MS,,,,,,
21,5,Thymol,terpenoid,phenylpropanoid monoterpene,,,,,,GC-MS,,,,,,
22,5,Carvacrol,terpenoid,phenylpropanoid monoterpene,,,,,,GC-MS,,,,,,
23,5,p-Cymene,terpenoid,monoterpene,,,,,,GC-MS,,,,,,
24,5,gamma-Terpinene,terpenoid,monoterpene,,,,,,GC-MS,,,,,,
25,5,Linalool,terpenoid,monoterpene,,,,,,GC-MS,,,,,,
26,5,beta-Myrcene,terpenoid,monoterpene,,,,,,GC-MS,,,,,,
27,6,Pulegone,terpenoid,monoterpene ketone,,,,,,GC-MS,,,,,,
28,6,Menthol,terpenoid,monoterpene,,,,,,GC-MS,,,,,,
29,6,Menthone,terpenoid,monoterpene ketone,,,,,,GC-MS,,,,,,
30,6,Isomenthone,terpenoid,monoterpene ketone,,,,,,GC-MS,,,,,,
31,6,Piperitone,terpenoid,monoterpene ketone,,,,,,GC-MS,,,,,,
32,7,Rosmarinic acid,polyphenol,hydroxycinnamic acid,,,,,,HPLC,,,,,,
33,7,Carnosic acid,terpenoid,diterpene,,,,,,HPLC,,,,,,
34,7,Carnosol,terpenoid,diterpene phenol,,,,,,HPLC,,,,,,
35,7,Ursolic acid,terpenoid,triterpene,,,,,,HPLC,,,,,,
36,7,"1,8-Cineole",terpenoid,monoterpene oxide,,,,,,GC-MS,,,,,,
37,7,alpha-Pinene,terpenoid,monoterpene,,,,,,GC-MS,,,,,,
38,8,Carvacrol,terpenoid,phenylpropanoid monoterpene,,,,,,GC-MS,,,,,,
39,8,Thymol,terpenoid,phenylpropanoid monoterpene,,,,,,GC-MS,,,,,,
40,8,gamma-Terpinene,terpenoid,monoterpene,,,,,,GC-MS,,,,,,
41,8,p-Cymene,terpenoid,monoterpene,,,,,,GC-MS,,,,,,
42,8,Sabinene,terpenoid,monoterpene,,,,,,GC-MS,,,,,,
43,9,Ellagic acid,polyphenol,ellagitannin,,,,,,LC-MS,,,,,,
44,9,Quercetin,flavonoid,flavonol,,,,,,HPLC,,,,,,
45,9,Kaempferol,flavonoid,flavonol,,,,,,HPLC,,,,,,
46,9,Catechin,flavonoid,flavan-3-ol,,,,,,HPLC,,,,,,
47,9,Gallic acid,polyphenol,phenolic acid,,,,,,HPLC,,,,,,
48,9,Myricetin,flavonoid,flavonol,,,,,,HPLC,,,,,,
49,10,Masticadienonic acid,terpenoid,triterpene acid,,,,,,GC-MS,,,,,,
50,10,Oleanolic acid,terpenoid,triterpene,,,,,,HPLC,,,,,,
51,10,Lupeol,terpenoid,lupane triterpene,,,,,,GC-MS,,,,,,
52,10,Gallic acid,polyphenol,phenolic acid,,,,,,HPLC,,,,,,
53,10,beta-Sitosterol,terpenoid,phytosterol,,,,,,GC-MS,,,,,,
54,10,Quercetin,flavonoid,flavonol,,,,,,HPLC,,,,,,
55,11,Totarol,terpenoid,diterpene phenol,,,,,,GC-MS,,,,,,
56,11,Ferruginol,terpenoid,diterpene phenol,,,,,,GC-MS,,,,,,
57,11,Sandaracopimaric acid,terpenoid,diterpene acid,,,,,,GC-MS,,,,,,
58,11,Abietic acid,terpenoid,diterpene acid,,,,,,GC-MS,,,,,,
59,11,alpha-Pinene,terpenoid,monoterpene,,,,,,GC-MS,,,,,,
60,11,Sabinol,terpenoid,monoterpene,,,,,,GC-MS,,,,,,
61,12,Oleic acid,fatty acid,monounsaturated fatty acid,,,,,,GC-MS,,,,,,
62,12,Linoleic acid,fatty acid,polyunsaturated fatty acid,,,,,,GC-MS,,,,,,
63,12,gamma-Tocopherol,other,tocopherol,,,,,,HPLC,,,,,,
64,12,Lupeol,terpenoid,lupane triterpene,,,,,,GC-MS,,,,,,
65,12,Spinasterol,terpenoid,phytosterol,,,,,,GC-MS,,,,,,
66,12,Ferulic acid,polyphenol,hydroxycinnamic acid,,,,,,HPLC,,,,,,
67,13,Thymoquinone,terpenoid,monoterpene ketone,,,,,,GC-MS,,,,,,
68,13,Nigellone,terpenoid,dithymoquinone polymer,,,,,,GC-MS,,,,,,
69,13,Carvacrol,terpenoid,phenylpropanoid monoterpene,,,,,,GC-MS,,,,,,
70,13,alpha-Thujene,terpenoid,monoterpene,,,,,,GC-MS,,,,,,
71,13,Thymol,terpenoid,phenylpropanoid monoterpene,,,,,,GC-MS,,,,,,
72,13,Dithymoquinone,terpenoid,monoterpene dimer,,,,,,HPLC,,,,,,
73,14,Betanin,other,betalain pigment,,,,,,HPLC,,,,,,
74,14,Isorhamnetin,flavonoid,flavonol,,,,,,LC-MS,,,,,,
75,14,Quercetin,flavonoid,flavonol,,,,,,HPLC,,,,,,
76,14,Kaempferol,flavonoid,flavonol,,,,,,HPLC,,,,,,
77,14,Piscidic acid,polyphenol,phenolic acid,,,,,,LC-MS,,,,,,
78,14,Hydroxybenzoic acid,polyphenol,phenolic acid,,,,,,HPLC,,,,,,
79,15,Betulinic acid,terpenoid,lupane triterpene,,,,,,HPLC,,,,,,
80,15,Oleanolic acid,terpenoid,triterpene,,,,,,HPLC,,,,,,
81,15,Quercetin,flavonoid,flavonol,,,,,,HPLC,,,,,,
82,15,Rutin,flavonoid,flavonol glycoside,,,,,,HPLC,,,,,,
83,15,Zizyphine A,alkaloid,cyclopeptide alkaloid,,,,,,LC-MS,,,,,,
84,15,Lotusine,alkaloid,isoquinoline alkaloid,,,,,,LC-MS,,,,,,
85,16,Quercetin,flavonoid,flavonol,,,,,,HPLC,,,,,,
86,16,Luteolin,flavonoid,flavone,,,,,,HPLC,,,,,,
87,16,Kaempferol,flavonoid,flavonol,,,,,,HPLC,,,,,,
88,16,Rutin,flavonoid,flavonol glycoside,,,,,,HPLC,,,,,,
89,16,Psoralen,other,furanocoumarin,,,,,,HPLC,,,,,,
90,16,Caffeic acid,polyphenol,hydroxycinnamic acid,,,,,,HPLC,,,,,,
91,17,Quercetin,flavonoid,flavonol,,,,,,HPLC,,,,,,
92,17,Kaempferol,flavonoid,flavonol,,,,,,HPLC,,,,,,
93,17,Rutin,flavonoid,flavonol glycoside,,,,,,HPLC,,,,,,
94,17,Chlorogenic acid,polyphenol,hydroxycinnamic acid,,,,,,HPLC,,,,,,
95,17,Caffeic acid,polyphenol,hydroxycinnamic acid,,,,,,HPLC,,,,,,
96,17,beta-Sitosterol,terpenoid,phytosterol,,,,,,GC-MS,,,,,,
97,18,Marrubiin,terpenoid,diterpene lactone,,,,,,HPLC,,,,,,
98,18,Marrubic acid,terpenoid,diterpene acid,,,,,,HPLC,,,,,,
99,18,Luteolin,flavonoid,flavone,,,,,,HPLC,,,,,,
100,18,Apigenin,flavonoid,flavone,,,,,,HPLC,,,,,,
101,18,Acteoside,polyphenol,phenylethanoid glycoside,,,,,,LC-MS,,,,,,
102,18,Caffeic acid,polyphenol,hydroxycinnamic acid,,,,,,HPLC,,,,,,
103,19,Rosmarinic acid,polyphenol,hydroxycinnamic acid,,,,,,HPLC,,,,,,
104,19,Carnosol,terpenoid,diterpene phenol,,,,,,HPLC,,,,,,
105,19,Carnosic acid,terpenoid,diterpene,,,,,,HPLC,,,,,,
106,19,Ursolic acid,terpenoid,triterpene,,,,,,HPLC,,,,,,
107,19,Luteolin,flavonoid,flavone,,,,,,HPLC,,,,,,
108,19,Salvianolic acid B,polyphenol,phenolic acid dimer,,,,,,LC-MS,,,,,,
109,20,Globularin,other,iridoid glycoside,,,,,,LC-MS,,,,,,
110,20,Aucubin,other,iridoid glycoside,,,,,,LC-MS,,,,,,
111,20,Catalpol,other,iridoid glycoside,,,,,,LC-MS,,,,,,
112,20,Apigenin,flavonoid,flavone,,,,,,HPLC,,,,,,
113,20,Luteolin,flavonoid,flavone,,,,,,HPLC,,,,,,
114,20,Caffeic acid,polyphenol,hydroxycinnamic acid,,,,,,HPLC,,,,,,
115,21,Genistein,flavonoid,isoflavone,,,,,,HPLC,,,,,,
116,21,Biochanin A,flavonoid,isoflavone,,,,,,HPLC,,,,,,
117,21,Formononetin,flavonoid,isoflavone,,,,,,HPLC,,,,,,
118,21,Luteolin,flavonoid,flavone,,,,,,HPLC,,,,,,
119,21,Retamine,alkaloid,quinolizidine alkaloid,,,,,,GC-MS,,,,,,
120,21,Caffeic acid,polyphenol,hydroxycinnamic acid,,,,,,HPLC,,,,,,
121,22,Harmine,alkaloid,beta-carboline alkaloid,,,,,,HPLC,,,,,,
122,22,Harmaline,alkaloid,beta-carboline alkaloid,,,,,,HPLC,,,,,,
123,22,Harmane,alkaloid,beta-carboline alkaloid,,,,,,LC-MS,,,,,,
124,22,Vasicine,alkaloid,quinazoline alkaloid,,,,,,LC-MS,,,,,,
125,22,Vasicinone,alkaloid,quinazoline alkaloid,,,,,,LC-MS,,,,,,
126,22,Peganine,alkaloid,quinazoline alkaloid,,,,,,HPLC,,,,,,
127,23,Swertiamarin,other,secoiridoid glycoside,,,,,,LC-MS,,,,,,
128,23,Gentiopicroside,other,iridoid glycoside,,,,,,LC-MS,,,,,,
129,23,Erythricin,other,xanthone glycoside,,,,,,LC-MS,,,,,,
130,23,Quercetin,flavonoid,flavonol,,,,,,HPLC,,,,,,
131,23,Rutin,flavonoid,flavonol glycoside,,,,,,HPLC,,,,,,
132,23,Caffeic acid,polyphenol,hydroxycinnamic acid,,,,,,HPLC,,,,,,
133,24,Ajugapitin,terpenoid,clerodane diterpene,,,,,,LC-MS,,,,,,
134,24,20-Hydroxyecdysone,terpenoid,phytoecdysteroid,,,,,,HPLC,,,,,,
135,24,Ajugareptansin,terpenoid,clerodane diterpene,,,,,,LC-MS,,,,,,
136,24,Rutin,flavonoid,flavonol glycoside,,,,,,HPLC,,,,,,
137,24,Quercetin,flavonoid,flavonol,,,,,,HPLC,,,,,,
138,24,Chlorogenic acid,polyphenol,hydroxycinnamic acid,,,,,,HPLC,,,,,,
139,25,Genistein,flavonoid,isoflavone,,,,,,HPLC,,,,,,
140,25,Luteolin,flavonoid,flavone,,,,,,HPLC,,,,,,
141,25,Quercetin,flavonoid,flavonol,,,,,,HPLC,,,,,,
142,25,Caffeic acid,polyphenol,hydroxycinnamic acid,,,,,,HPLC,,,,,,
143,25,Chlorogenic acid,polyphenol,hydroxycinnamic acid,,,,,,HPLC,,,,,,
144,25,Cytisine,alkaloid,quinolizidine alkaloid,,,,,,GC-MS,,,,,,
145,26,Withaferin A,terpenoid,steroidal lactone,,,,,,HPLC,,,,,,
146,26,Withanolide D,terpenoid,steroidal lactone,,,,,,HPLC,,,,,,
147,26,Withanolide A,terpenoid,steroidal lactone,,,,,,HPLC,,,,,,
148,26,Withanone,terpenoid,steroidal lactone,,,,,,LC-MS,,,,,,
149,26,Withasomnine,alkaloid,pyrrolidine alkaloid,,,,,,LC-MS,,,,,,
150,26,Anaferine,alkaloid,dipiperidyl alkaloid,,,,,,LC-MS,,,,,,
151,27,Scopolamine,alkaloid,tropane alkaloid,,,,,,GC-MS,,,,,,
152,27,Atropine,alkaloid,tropane alkaloid,,,,,,GC-MS,,,,,,
153,27,Hyoscyamine,alkaloid,tropane alkaloid,,,,,,GC-MS,,,,,,
154,27,Scopine,alkaloid,tropane alkaloid,,,,,,LC-MS,,,,,,
155,27,Tropine,alkaloid,tropane alkaloid,,,,,,LC-MS,,,,,,
156,27,Meteloidine,alkaloid,tropane alkaloid,,,,,,LC-MS,,,,,,
157,28,Rutin,flavonoid,flavonol glycoside,,,,,,HPLC,,,,,,
158,28,Quercetin,flavonoid,flavonol,,,,,,HPLC,,,,,,
159,28,Kaempferol,flavonoid,flavonol,,,,,,HPLC,,,,,,
160,28,Stachydrine,alkaloid,pyrrolidine alkaloid,,,,,,LC-MS,,,,,,
161,28,Glucoiberverin,other,glucosinolate,,,,,,LC-MS,,,,,,
162,28,p-Coumaric acid,polyphenol,hydroxycinnamic acid,,,,,,HPLC,,,,,,
163,29,alpha-Pinene,terpenoid,monoterpene,,,,,,GC-MS,,,,,,
164,29,Cedrol,terpenoid,sesquiterpene,,,,,,GC-MS,,,,,,
165,29,Terpinen-4-ol,terpenoid,monoterpene alcohol,,,,,,GC-MS,,,,,,
166,29,Sabinene,terpenoid,monoterpene,,,,,,GC-MS,,,,,,
167,29,Thujopsene,terpenoid,sesquiterpene,,,,,,GC-MS,,,,,,
168,29,Juniperic acid,fatty acid,hydroxy fatty acid,,,,,,GC-MS,,,,,,
169,30,Ellagic acid,polyphenol,ellagitannin,,,,,,LC-MS,,,,,,
170,30,Gallic acid,polyphenol,phenolic acid,,,,,,HPLC,,,,,,
171,30,Quercetin,flavonoid,flavonol,,,,,,HPLC,,,,,,
172,30,Betulin,terpenoid,lupane triterpene,,,,,,GC-MS,,,,,,
173,30,beta-Sitosterol,terpenoid,phytosterol,,,,,,GC-MS,,,,,,
174,30,Catechin,flavonoid,flavan-3-ol,,,,,,HPLC,,,,,,
175,31,Luteolin,flavonoid,flavone,,,,,,HPLC,,,,,,
176,31,Quercetin,flavonoid,flavonol,,,,,,HPLC,,,,,,
177,31,Myricetin,flavonoid,flavonol,,,,,,HPLC,,,,,,
178,31,Gallic acid,polyphenol,phenolic acid,,,,,,HPLC,,,,,,
179,31,Protocatechuic acid,polyphenol,phenolic acid,,,,,,HPLC,,,,,,
180,31,D-Pinitol,other,inositol,,,,,,GC-MS,,,,,,
181,32,Arbutin,other,hydroquinone glycoside,,,,,,HPLC,,,,,,
182,32,Hydroquinone,polyphenol,phenol,,,,,,HPLC,,,,,,
183,32,Quercetin,flavonoid,flavonol,,,,,,HPLC,,,,,,
184,32,Myricetin,flavonoid,flavonol,,,,,,HPLC,,,,,,
185,32,Gallic acid,polyphenol,phenolic acid,,,,,,HPLC,,,,,,
186,32,Chlorogenic acid,polyphenol,hydroxycinnamic acid,,,,,,HPLC,,,,,,
187,1,Test compound,flavonoid,,,,,,,,,,,,,
188,34,Marrubiin,terpenoid,diterpene lactone,,,,,,HPLC,,,,,,
189,34,Premarrubiin,terpenoid,diterpene lactone,,,,,,LC-MS,,,,,,
190,34,Vulgarone B,terpenoid,sesquiterpene ketone,,,,,,GC-MS,,,,,,
191,34,Luteolin,flavonoid,flavone,,,,,,HPLC,,,,,,
192,34,Caffeic acid,polyphenol,hydroxycinnamic acid,,,,,,HPLC,,,,,,
193,34,Acteoside,polyphenol,phenylethanoid glycoside,,,,,,LC-MS,,,,,,
194,35,Davanone,terpenoid,sesquiterpene ketone,,,,,,GC-MS,,,,,,
195,35,Camphor,terpenoid,monoterpene ketone,,,,,,GC-MS,,,,,,
196,35,Artemisia ketone,terpenoid,irregular monoterpene,,,,,,GC-MS,,,,,,
197,35,Chrysartemin A,terpenoid,sesquiterpene lactone,,,,,,HPLC,,,,,,
198,35,Quercetin,flavonoid,flavonol,,,,,,HPLC,,,,,,
199,35,Rutin,flavonoid,flavonol glycoside,,,,,,HPLC,,,,,,
200,36,Genistein,flavonoid,isoflavone,,,,,,HPLC,,,,,,
201,36,Biochanin A,flavonoid,isoflavone,,,,,,HPLC,,,,,,
202,36,Luteolin,flavonoid,flavone,,,,,,HPLC,,,,,,
203,36,Kaempferol,flavonoid,flavonol,,,,,,HPLC,,,,,,
204,36,Caffeic acid,polyphenol,hydroxycinnamic acid,,,,,,HPLC,,,,,,
205,36,Cytisine,alkaloid,quinolizidine alkaloid,,,,,,GC-MS,,,,,,
206,37,Quercetin,flavonoid,flavonol,,,,,,HPLC,,,,,,
207,37,Isorhamnetin,flavonoid,flavonol,,,,,,LC-MS,,,,,,
208,37,Kaempferol-3-glucoside,flavonoid,flavonol glycoside,,,,,,LC-MS,,,,,,
209,37,Rutin,flavonoid,flavonol glycoside,,,,,,HPLC,,,,,,
210,37,Caffeic acid,polyphenol,hydroxycinnamic acid,,,,,,HPLC,,,,,,
211,37,Sinapic acid,polyphenol,hydroxycinnamic acid,,,,,,HPLC,,,,,,
212,38,Myricetin,flavonoid,flavonol,,,,,,HPLC,,,,,,
213,38,Quercetin,flavonoid,flavonol,,,,,,HPLC,,,,,,
214,38,Kaempferol,flavonoid,flavonol,,,,,,HPLC,,,,,,
215,38,Gallic acid,polyphenol,phenolic acid,,,,,,HPLC,,,,,,
216,38,Ellagic acid,polyphenol,ellagitannin,,,,,,LC-MS,,,,,,
217,38,Plumbagic acid,polyphenol,naphthoquinone acid,,,,,,LC-MS,,,,,,
218,39,Thymol,terpenoid,phenylpropanoid monoterpene,,,,,,GC-MS,,,,,,
219,39,Bornyl acetate,terpenoid,monoterpene ester,,,,,,GC-MS,,,,,,
220,39,Carvacrol,terpenoid,phenylpropanoid monoterpene,,,,,,GC-MS,,,,,,
221,39,Graveobioside A,flavonoid,flavone glycoside,,,,,,LC-MS,,,,,,
222,39,Luteolin,flavonoid,flavone,,,,,,HPLC,,,,,,
223,39,Sesquiterpene lactone,terpenoid,sesquiterpene lactone,,,,,,GC-MS,,,,,,
224,40,Quercetin,flavonoid,flavonol,,,,,,HPLC,,,,,,
225,40,Isorhamnetin,flavonoid,flavonol,,,,,,LC-MS,,,,,,
226,40,Kaempferol,flavonoid,flavonol,,,,,,HPLC,,,,,,
227,40,Scopoletin,other,coumarin,,,,,,HPLC,,,,,,
228,40,Rutin,flavonoid,flavonol glycoside,,,,,,HPLC,,,,,,
229,40,beta-Sitosterol,terpenoid,phytosterol,,,,,,GC-MS,,,,,,
230,41,Luteolin,flavonoid,flavone,,,,,,HPLC,,,,,,
231,41,Apigenin,flavonoid,flavone,,,,,,HPLC,,,,,,
232,41,Anvilleain A,terpenoid,sesquiterpene lactone,,,,,,LC-MS,,,,,,
233,41,Quercetin,flavonoid,flavonol,,,,,,HPLC,,,,,,
234,41,Caffeic acid,polyphenol,hydroxycinnamic acid,,,,,,HPLC,,,,,,
235,41,Ursolic acid,terpenoid,triterpene,,,,,,HPLC,,,,,,
236,42,Glucoiberverin,other,glucosinolate,,,,,,LC-MS,,,,,,
237,42,Sinigrin,other,glucosinolate,,,,,,LC-MS,,,,,,
238,42,Kaempferol-3-glucoside,flavonoid,flavonol glycoside,,,,,,LC-MS,,,,,,
239,42,Sinapic acid,polyphenol,hydroxycinnamic acid,,,,,,HPLC,,,,,,
240,42,Ferulic acid,polyphenol,hydroxycinnamic acid,,,,,,HPLC,,,,,,
241,42,Quercetin,flavonoid,flavonol,,,,,,HPLC,,,,,,
242,43,Quercetin,flavonoid,flavonol,,,,,,HPLC,,,,,,
243,43,Isorhamnetin,flavonoid,flavonol,,,,,,LC-MS,,,,,,
244,43,Betulin,terpenoid,lupane triterpene,,,,,,GC-MS,,,,,,
245,43,Oleanolic acid,terpenoid,triterpene,,,,,,HPLC,,,,,,
246,43,Scopoletin,other,coumarin,,,,,,HPLC,,,,,,
247,43,beta-Sitosterol,terpenoid,phytosterol,,,,,,GC-MS,,,,,,
248,44,Lycorine,alkaloid,Amaryllidaceae alkaloid,,,,,,LC-MS,,,,,,
249,44,Pancratistatin,alkaloid,Amaryllidaceae alkaloid,,,,,,LC-MS,,,,,,
250,44,Narciclasine,alkaloid,Amaryllidaceae alkaloid,,,,,,LC-MS,,,,,,
251,44,Haemanthamine,alkaloid,Amaryllidaceae alkaloid,,,,,,LC-MS,,,,,,
252,44,Galanthamine,alkaloid,Amaryllidaceae alkaloid,,,,,,HPLC,,,,,,
253,44,Tazettine,alkaloid,Amaryllidaceae alkaloid,,,,,,GC-MS,,,,,,
254,45,Pinitol,other,inositol,,,,,,GC-MS,,,,,,
255,45,Quercetin,flavonoid,flavonol,,,,,,HPLC,,,,,,
256,45,Isorhamnetin,flavonoid,flavonol,,,,,,LC-MS,,,,,,
257,45,Kaempferol,flavonoid,flavonol,,,,,,HPLC,,,,,,
258,45,Betanin,other,betacyanin pigment,,,,,,HPLC,,,,,,
259,45,Malic acid,other,organic acid,,,,,,GC-MS,,,,,,
260,46,Quercetin,flavonoid,flavonol,,,,,,HPLC,,,,,,
261,46,Kaempferol,flavonoid,flavonol,,,,,,HPLC,,,,,,
262,46,Rutin,flavonoid,flavonol glycoside,,,,,,HPLC,,,,,,
263,46,Gallic acid,polyphenol,phenolic acid,,,,,,HPLC,,,,,,
264,46,Ellagic acid,polyphenol,ellagitannin,,,,,,LC-MS,,,,,,
265,46,Apigenin,flavonoid,flavone,,,,,,HPLC,,,,,,
266,47,Thymoquinone,terpenoid,monoterpene ketone,,,,,,GC-MS,,,,,,
267,47,alpha-Hederin,terpenoid,triterpene saponin,,,,,,LC-MS,,,,,,
268,47,Nigellicine,alkaloid,indazole alkaloid,,,,,,LC-MS,,,,,,
269,47,Kaempferol,flavonoid,flavonol,,,,,,HPLC,,,,,,
270,47,Rutin,flavonoid,flavonol glycoside,,,,,,HPLC,,,,,,
271,47,Dithymoquinone,terpenoid,monoterpene dimer,,,,,,HPLC,,,,,,
272,48,Formononetin,flavonoid,isoflavone,,,,,,HPLC,,,,,,
273,48,Biochanin A,flavonoid,isoflavone,,,,,,HPLC,,,,,,
274,48,Kaempferol,flavonoid,flavonol,,,,,,HPLC,,,,,,
275,48,Quercetin,flavonoid,flavonol,,,,,,HPLC,,,,,,
276,48,Caffeic acid,polyphenol,hydroxycinnamic acid,,,,,,HPLC,,,,,,
277,48,Lotaustralin,other,cyanogenic glycoside,,,,,,LC-MS,,,,,,
278,49,2-O-beta-D-glucopyranosyl-L-ascorbic acid,other,ascorbic acid derivative,,,,,,LC-MS,,,,,,
279,49,Quercetin,flavonoid,flavonol,,,,,,HPLC,,,,,,
280,49,Kaempferol,flavonoid,flavonol,,,,,,HPLC,,,,,,
281,49,Rutin,flavonoid,flavonol glycoside,,,,,,HPLC,,,,,,
282,49,Betaine,other,trimethylglycine,,,,,,LC-MS,,,,,,
283,49,Ecdysterone,terpenoid,phytoecdysteroid,,,,,,HPLC,,,,,,
284,50,Vitexin,flavonoid,flavone C-glycoside,,,,,,LC-MS,,,,,,
285,50,Orientin,flavonoid,flavone C-glycoside,,,,,,LC-MS,,,,,,
286,50,Ursolic acid,terpenoid,triterpene,,,,,,HPLC,,,,,,
287,50,Oleanolic acid,terpenoid,triterpene,,,,,,HPLC,,,,,,
288,50,beta-Sitosterol,terpenoid,phytosterol,,,,,,GC-MS,,,,,,
289,50,Chlorogenic acid,polyphenol,hydroxycinnamic acid,,,,,,HPLC,,,,,,
290,51,Quercetin,flavonoid,flavonol,,,,,,HPLC,,,,,,
291,51,Isorhamnetin,flavonoid,flavonol,,,,,,LC-MS,,,,,,
292,51,Kaempferol,flavonoid,flavonol,,,,,,HPLC,,,,,,
293,51,Betanin,other,betacyanin pigment,,,,,,HPLC,,,,,,
294,51,Gallic acid,polyphenol,phenolic acid,,,,,,HPLC,,,,,,
295,51,beta-Sitosterol,terpenoid,phytosterol,,,,,,GC-MS,,,,,,
296,52,Glucocakilene,other,glucosinolate,,,,,,LC-MS,,,,,,
297,52,Sinigrin,other,glucosinolate,,,,,,LC-MS,,,,,,
298,52,Glucoerucin,other,glucosinolate,,,,,,LC-MS,,,,,,
299,52,Quercetin,flavonoid,flavonol,,,,,,HPLC,,,,,,
300,52,Kaempferol-3-glucoside,flavonoid,flavonol glycoside,,,,,,LC-MS,,,,,,
301,52,Sinapic acid,polyphenol,hydroxycinnamic acid,,,,,,HPLC,,,,,,
302,53,Scopoletin,other,coumarin,,,,,,HPLC,,,,,,
303,53,Quercetin,flavonoid,flavonol,,,,,,HPLC,,,,,,
304,53,Isorhamnetin,flavonoid,flavonol,,,,,,LC-MS,,,,,,
305,53,Oleanolic acid,terpenoid,triterpene,,,,,,HPLC,,,,,,
306,53,Ursolic acid,terpenoid,triterpene,,,,,,HPLC,,,,,,
307,53,beta-Sitosterol,terpenoid,phytosterol,,,,,,GC-MS,,,,,,
308,54,Carvone,terpenoid,monoterpene ketone,,,,,,GC-MS,,,,,,
309,54,Limonene,terpenoid,monoterpene,,,,,,GC-MS,,,,,,
310,54,"1,8-Cineole",terpenoid,monoterpene oxide,,,,,,GC-MS,,,,,,
311,54,Dihydrocarvone,terpenoid,monoterpene ketone,,,,,,GC-MS,,,,,,
312,54,beta-Caryophyllene,terpenoid,sesquiterpene,,,,,,GC-MS,,,,,,
313,54,Rosmarinic acid,polyphenol,hydroxycinnamic acid,,,,,,HPLC,,,,,,
314,55,Vitexin,flavonoid,flavone C-glycoside,,,,,,LC-MS,,,,,,
315,55,Hyperoside,flavonoid,flavonol glycoside,,,,,,HPLC,,,,,,
316,55,Rutin,flavonoid,flavonol glycoside,,,,,,HPLC,,,,,,
317,55,Chlorogenic acid,polyphenol,hydroxycinnamic acid,,,,,,HPLC,,,,,,
318,55,Ursolic acid,terpenoid,triterpene,,,,,,HPLC,,,,,,
319,55,Oligomeric proanthocyanidins,flavonoid,condensed tannin,,,,,,HPLC,,,,,,
320,56,Scillarenin A,terpenoid,bufadienolide cardiac glycoside,,,,,,LC-MS,,,,,,
321,56,Proscillaridine A,terpenoid,bufadienolide cardiac glycoside,,,,,,LC-MS,,,,,,
322,56,Scillaren A,terpenoid,bufadienolide cardiac glycoside,,,,,,LC-MS,,,,,,
323,56,Glucoscillaren A,terpenoid,bufadienolide cardiac glycoside,,,,,,LC-MS,,,,,,
324,56,Scilliglaucoside,terpenoid,bufadienolide,,,,,,LC-MS,,,,,,
325,56,Quercetin,flavonoid,flavonol,,,,,,HPLC,,,,,,
326,57,Chamazulene,terpenoid,sesquiterpene,,,,,,GC-MS,,,,,,
327,57,alpha-Bisabolol,terpenoid,sesquiterpene alcohol,,,,,,GC-MS,,,,,,
328,57,Apigenin,flavonoid,flavone,,,,,,HPLC,,,,,,
329,57,Luteolin,flavonoid,flavone,,,,,,HPLC,,,,,,
330,57,Isobutyl angelate,other,monoterpene ester,,,,,,GC-MS,,,,,,
331,57,Quercetin,flavonoid,flavonol,,,,,,HPLC,,,,,,
332,58,Sideridiol,terpenoid,labdane diterpene,,,,,,HPLC,,,,,,
333,58,Linearol,terpenoid,labdane diterpene,,,,,,HPLC,,,,,,
334,58,Isoscutellarein,flavonoid,flavone,,,,,,HPLC,,,,,,
335,58,Hypolaetin,flavonoid,flavone,,,,,,HPLC,,,,,,
336,58,Luteolin,flavonoid,flavone,,,,,,HPLC,,,,,,
337,58,Rosmarinic acid,polyphenol,hydroxycinnamic acid,,,,,,HPLC,,,,,,
338,59,Cucurbitacin B,terpenoid,tetracyclic triterpenoid,,,,,,HPLC,,,,,,
339,59,Cucurbitacin E,terpenoid,tetracyclic triterpenoid,,,,,,HPLC,,,,,,
340,59,Cucurbitacin I,terpenoid,tetracyclic triterpenoid,,,,,,LC-MS,,,,,,
341,59,Elatericin A,terpenoid,cucurbitane triterpenoid,,,,,,LC-MS,,,,,,
342,59,Elatericin B,terpenoid,cucurbitane triterpenoid,,,,,,LC-MS,,,,,,
343,59,Luteolin,flavonoid,flavone,,,,,,HPLC,,,,,,
344,60,Ferutinin,terpenoid,sesquiterpene terpenol,,,,,,HPLC,,,,,,
345,60,Ferulenol,terpenoid,sesquiterpene coumarin,,,,,,LC-MS,,,,,,
346,60,Farnesiferol A,terpenoid,sesquiterpene coumarin,,,,,,LC-MS,,,,,,
347,60,Farnesiferol C,terpenoid,sesquiterpene coumarin,,,,,,LC-MS,,,,,,
348,60,Ferulic acid,polyphenol,hydroxycinnamic acid,,,,,,HPLC,,,,,,
349,60,Umbelliferone,other,coumarin,,,,,,HPLC,,,,,,
350,61,Daphnin,other,coumarin glucoside,,,,,,LC-MS,,,,,,
351,61,Daphnetin,other,hydroxylated coumarin,,,,,,HPLC,,,,,,
352,61,Gnidicin,terpenoid,daphnane diterpenoid,,,,,,LC-MS,,,,,,
353,61,Gnididione,terpenoid,daphnane diterpenoid,,,,,,LC-MS,,,,,,
354,61,Luteolin,flavonoid,flavone,,,,,,HPLC,,,,,,
355,61,Umbelliferone,other,coumarin,,,,,,HPLC,,,,,,
356,62,Carlina oxide,other,polyacetylene furan derivative,,,,,,GC-MS,,,,,,
357,62,Inulin,other,fructan polysaccharide,,,,,,GC-MS,,,,,,
358,62,Chlorogenic acid,polyphenol,hydroxycinnamic acid,,,,,,HPLC,,,,,,
359,62,Luteolin,flavonoid,flavone,,,,,,HPLC,,,,,,
360,62,Apigenin,flavonoid,flavone,,,,,,HPLC,,,,,,
361,62,Caffeic acid,polyphenol,hydroxycinnamic acid,,,,,,HPLC,,,,,,
362,63,Formononetin,flavonoid,isoflavone,,,,,,HPLC,,,,,,
363,63,Biochanin A,flavonoid,isoflavone,,,,,,HPLC,,,,,,
364,63,Ononin,flavonoid,isoflavone glucoside,,,,,,LC-MS,,,,,,
365,63,Onocol,flavonoid,isoflavane,,,,,,LC-MS,,,,,,
366,63,Rosmarinic acid,polyphenol,hydroxycinnamic acid,,,,,,HPLC,,,,,,
367,63,Caffeic acid,polyphenol,hydroxycinnamic acid,,,,,,HPLC,,,,,,
368,64,Retamine,alkaloid,quinolizidine alkaloid,,,,,,GC-MS,,,,,,
369,64,Sparteine,alkaloid,quinolizidine alkaloid,,,,,,GC-MS,,,,,,
370,64,Lupanine,alkaloid,quinolizidine alkaloid,,,,,,GC-MS,,,,,,
371,64,Genistein,flavonoid,isoflavone,,,,,,HPLC,,,,,,
372,64,Luteolin,flavonoid,flavone,,,,,,HPLC,,,,,,
373,64,Caffeic acid,polyphenol,hydroxycinnamic acid,,,,,,HPLC,,,,,,
374,65,Quercetin,flavonoid,flavonol,,,,,,HPLC,,,,,,
375,65,Kaempferol,flavonoid,flavonol,,,,,,HPLC,,,,,,
376,65,Isorhamnetin,flavonoid,flavonol,,,,,,LC-MS,,,,,,
377,65,Rutin,flavonoid,flavonol glycoside,,,,,,HPLC,,,,,,
378,65,Gallic acid,polyphenol,phenolic acid,,,,,,HPLC,,,,,,
379,65,beta-Sitosterol,terpenoid,phytosterol,,,,,,GC-MS,,,,,,
380,66,Rosmarinic acid,polyphenol,hydroxycinnamic acid,,,,,,HPLC,,,,,,
381,66,Lithospermic acid,polyphenol,phenolic acid dimer,,,,,,LC-MS,,,,,,
382,66,Chlorogenic acid,polyphenol,hydroxycinnamic acid,,,,,,HPLC,,,,,,
383,66,Luteolin,flavonoid,flavone,,,,,,HPLC,,,,,,
384,66,Echiumine,alkaloid,pyrrolizidine alkaloid,,,,,,LC-MS,,,,,,
385,66,Caffeic acid,polyphenol,hydroxycinnamic acid,,,,,,HPLC,,,,,,
386,67,Ingenol,terpenoid,diterpene ester,,,,,,LC-MS,,,,,,
387,67,Phorbol,terpenoid,diterpene ester,,,,,,LC-MS,,,,,,
388,67,Euphol,terpenoid,triterpene alcohol,,,,,,GC-MS,,,,,,
389,67,beta-Sitosterol,terpenoid,phytosterol,,,,,,GC-MS,,,,,,
390,67,Kaempferol,flavonoid,flavonol,,,,,,HPLC,,,,,,
391,67,Gallic acid,polyphenol,phenolic acid,,,,,,HPLC,,,,,,
392,68,Astragaloside IV,terpenoid,cycloartane triterpenoid saponin,,,,,,LC-MS,,,,,,
393,68,Cycloastragenol,terpenoid,cycloartane triterpene,,,,,,HPLC,,,,,,
394,68,Formononetin,flavonoid,isoflavone,,,,,,HPLC,,,,,,
395,68,Calycosin,flavonoid,isoflavone,,,,,,HPLC,,,,,,
396,68,Quercetin,flavonoid,flavonol,,,,,,HPLC,,,,,,
397,68,Chlorogenic acid,polyphenol,hydroxycinnamic acid,,,,,,HPLC,,,,,,
398,69,Silenaside A,other,triterpenoid saponin,,,,,,LC-MS,,,,,,
399,69,Gypsogenin,terpenoid,oleanane triterpene,,,,,,HPLC,,,,,,
400,69,Quercetin,flavonoid,flavonol,,,,,,HPLC,,,,,,
401,69,Vitexin,flavonoid,flavone C-glycoside,,,,,,LC-MS,,,,,,
402,69,Gallic acid,polyphenol,phenolic acid,,,,,,HPLC,,,,,,
403,69,Ursolic acid,terpenoid,triterpene,,,,,,HPLC,,,,,,
404,70,Dillapiole,terpenoid,phenylpropanoid monoterpene,,,,,,GC-MS,,,,,,
405,70,Sabinene,terpenoid,monoterpene,,,,,,GC-MS,,,,,,
406,70,Osthole,other,coumarin,,,,,,HPLC,,,,,,
407,70,Umbelliferone,other,coumarin,,,,,,HPLC,,,,,,
408,70,Quercetin,flavonoid,flavonol,,,,,,HPLC,,,,,,
409,70,Caffeic acid,polyphenol,hydroxycinnamic acid,,,,,,HPLC,,,,,,
410,71,Lactucopicrin,terpenoid,sesquiterpene lactone,,,,,,LC-MS,,,,,,
411,71,Luteolin,flavonoid,flavone,,,,,,HPLC,,,,,,
412,71,Apigenin,flavonoid,flavone,,,,,,HPLC,,,,,,
413,71,Chlorogenic acid,polyphenol,hydroxycinnamic acid,,,,,,HPLC,,,,,,
414,71,Ursolic acid,terpenoid,triterpene,,,,,,HPLC,,,,,,
415,71,beta-Sitosterol,terpenoid,phytosterol,,,,,,GC-MS,,,,,,
416,72,Globularin,other,iridoid glycoside,,,,,,LC-MS,,,,,,
417,72,Aucubin,other,iridoid glycoside,,,,,,LC-MS,,,,,,
418,72,Catalpol,other,iridoid glycoside,,,,,,LC-MS,,,,,,
419,72,Apigenin,flavonoid,flavone,,,,,,HPLC,,,,,,
420,72,Luteolin,flavonoid,flavone,,,,,,HPLC,,,,,,
421,72,Caffeic acid,polyphenol,hydroxycinnamic acid,,,,,,HPLC,,,,,,
422,73,Periplocin,terpenoid,cardenolide glycoside,,,,,,LC-MS,,,,,,
423,73,Periplocymarin,terpenoid,cardenolide glycoside,,,,,,LC-MS,,,,,,
424,73,Periplocoside A,terpenoid,pregnane glycoside,,,,,,LC-MS,,,,,,
425,73,Quercetin,flavonoid,flavonol,,,,,,HPLC,,,,,,
426,73,Luteolin,flavonoid,flavone,,,,,,HPLC,,,,,,
427,73,beta-Sitosterol,terpenoid,phytosterol,,,,,,GC-MS,,,,,,
428,74,Caffeic acid,polyphenol,hydroxycinnamic acid,,,,,,HPLC,,,,,,
429,74,p-Coumaric acid,polyphenol,hydroxycinnamic acid,,,,,,HPLC,,,,,,
430,74,Ferulic acid,polyphenol,hydroxycinnamic acid,,,,,,HPLC,,,,,,
431,74,Quercetin,flavonoid,flavonol,,,,,,HPLC,,,,,,
432,74,Luteolin,flavonoid,flavone,,,,,,HPLC,,,,,,
433,74,Apigenin,flavonoid,flavone,,,,,,HPLC,,,,,,
434,75,Moringin,other,isothiocyanate glucosinolate,,,,,,LC-MS,,,,,,
435,75,Quercetin,flavonoid,flavonol,,,,,,HPLC,,,,,,
436,75,Kaempferol,flavonoid,flavonol,,,,,,HPLC,,,,,,
437,75,Isorhamnetin,flavonoid,flavonol,,,,,,LC-MS,,,,,,
438,75,Benzyl isothiocyanate,other,isothiocyanate,,,,,,GC-MS,,,,,,
439,75,Oleic acid,fatty acid,monounsaturated fatty acid,,,,,,GC-MS,,,,,,
440,76,Balanitin-6,terpenoid,steroidal furostanol saponin,,,,,,LC-MS,,,,,,
441,76,Balanitin-7,terpenoid,steroidal furostanol saponin,,,,,,LC-MS,,,,,,
442,76,Diosgenin,terpenoid,steroidal sapogenin,,,,,,HPLC,,,,,,
443,76,Quercetin,flavonoid,flavonol,,,,,,HPLC,,,,,,
444,76,Kaempferol,flavonoid,flavonol,,,,,,HPLC,,,,,,
445,76,Gallic acid,polyphenol,phenolic acid,,,,,,HPLC,,,,,,
446,77,Calactin,terpenoid,cardenolide glycoside,,,,,,LC-MS,,,,,,
447,77,Calotoxin,terpenoid,cardenolide glycoside,,,,,,LC-MS,,,,,,
448,77,Calotropin,terpenoid,cardenolide glycoside,,,,,,LC-MS,,,,,,
449,77,Calotropagenin,terpenoid,cardenolide aglycone,,,,,,HPLC,,,,,,
450,77,alpha-Amyrin,terpenoid,lupane triterpene,,,,,,GC-MS,,,,,,
451,77,beta-Amyrin,terpenoid,oleanane triterpene,,,,,,GC-MS,,,,,,
452,78,Sennoside A,other,anthraquinone glycoside,,,,,,HPLC,,,,,,
453,78,Sennoside B,other,anthraquinone glycoside,,,,,,HPLC,,,,,,
454,78,Rhein,other,anthraquinone aglycone,,,,,,HPLC,,,,,,
455,78,Aloe-emodin,other,anthraquinone,,,,,,HPLC,,,,,,
456,78,Kaempferol,flavonoid,flavonol,,,,,,HPLC,,,,,,
457,78,Isorhamnetin,flavonoid,flavonol,,,,,,LC-MS,,,,,,
458,79,Nuciferine,alkaloid,aporphine alkaloid,,,,,,LC-MS,,,,,,
459,79,Nornuciferine,alkaloid,aporphine alkaloid,,,,,,LC-MS,,,,,,
460,79,Nymphayol,terpenoid,phytosterol,,,,,,GC-MS,,,,,,
461,79,Quercetin,flavonoid,flavonol,,,,,,HPLC,,,,,,
462,79,Kaempferol,flavonoid,flavonol,,,,,,HPLC,,,,,,
463,79,Gallic acid,polyphenol,phenolic acid,,,,,,HPLC,,,,,,
464,80,Isorhamnetin,flavonoid,flavonol,,,,,,LC-MS,,,,,,
465,80,Quercetin,flavonoid,flavonol,,,,,,HPLC,,,,,,
466,80,Kaempferol-3-glucoside,flavonoid,flavonol glycoside,,,,,,LC-MS,,,,,,
467,80,Chlorogenic acid,polyphenol,hydroxycinnamic acid,,,,,,HPLC,,,,,,
468,80,Caffeic acid,polyphenol,hydroxycinnamic acid,,,,,,HPLC,,,,,,
469,80,Rutin,flavonoid,flavonol glycoside,,,,,,HPLC,,,,,,
470,81,Glucoerucin,other,glucosinolate,,,,,,LC-MS,,,,,,
471,81,Sinigrin,other,glucosinolate,,,,,,LC-MS,,,,,,
472,81,Quercetin,flavonoid,flavonol,,,,,,HPLC,,,,,,
473,81,Isorhamnetin,flavonoid,flavonol,,,,,,LC-MS,,,,,,
474,81,Sinapic acid,polyphenol,hydroxycinnamic acid,,,,,,HPLC,,,,,,
475,81,Ferulic acid,polyphenol,hydroxycinnamic acid,,,,,,HPLC,,,,,,
476,82,Thymol,terpenoid,phenylpropanoid monoterpene,,,,,,GC-MS,,,,,,
477,82,Carvacrol,terpenoid,phenylpropanoid monoterpene,,,,,,GC-MS,,,,,,
478,82,Pulicanaol,terpenoid,sesquiterpene lactone,,,,,,LC-MS,,,,,,
479,82,Luteolin,flavonoid,flavone,,,,,,HPLC,,,,,,
480,82,Quercetin,flavonoid,flavonol,,,,,,HPLC,,,,,,
481,82,Caffeic acid,polyphenol,hydroxycinnamic acid,,,,,,HPLC,,,,,,
482,83,Glucobrassicin,other,indole glucosinolate,,,,,,LC-MS,,,,,,
483,83,Glucoiberin,other,glucosinolate,,,,,,LC-MS,,,,,,
484,83,Quercetin,flavonoid,flavonol,,,,,,HPLC,,,,,,
485,83,Kaempferol,flavonoid,flavonol,,,,,,HPLC,,,,,,
486,83,Isorhamnetin,flavonoid,flavonol,,,,,,LC-MS,,,,,,
487,83,Sinapic acid,polyphenol,hydroxycinnamic acid,,,,,,HPLC,,,,,,
488,84,Vincristine,alkaloid,bisindole monoterpene alkaloid,,,,,,HPLC,,,,,,
489,84,Vinblastine,alkaloid,bisindole monoterpene alkaloid,,,,,,HPLC,,,,,,
490,84,Catharanthine,alkaloid,monoterpene indole alkaloid,,,,,,LC-MS,,,,,,
491,84,Ajmalicine,alkaloid,monoterpene indole alkaloid,,,,,,LC-MS,,,,,,
492,84,Vindoline,alkaloid,monoterpene indole alkaloid,,,,,,HPLC,,,,,,
493,84,Serpentine,alkaloid,monoterpene indole alkaloid,,,,,,LC-MS,,,,,,
494,85,Colchicine,alkaloid,tropolone alkaloid,,,,,,HPLC,,,,,,
495,85,Demecolcine,alkaloid,tropolone alkaloid,,,,,,HPLC,,,,,,
496,85,Colchicoside,alkaloid,colchicine glycoside,,,,,,LC-MS,,,,,,
497,85,3-Demethylcolchicine,alkaloid,tropolone alkaloid,,,,,,LC-MS,,,,,,
498,85,Lumicolchicine,alkaloid,tropolone alkaloid,,,,,,HPLC,,,,,,
499,85,beta-Lumicolchicine,alkaloid,tropolone alkaloid,,,,,,HPLC,,,,,,
500,86,Scopolamine,alkaloid,tropane alkaloid,,,,,,GC-MS,,,,,,
501,86,Hyoscyamine,alkaloid,tropane alkaloid,,,,,,GC-MS,,,,,,
502,86,Atropine,alkaloid,tropane alkaloid,,,,,,GC-MS,,,,,,
503,86,Apoatropine,alkaloid,tropane alkaloid,,,,,,LC-MS,,,,,,
504,86,Scopine,alkaloid,tropane alkaloid,,,,,,LC-MS,,,,,,
505,86,Rutin,flavonoid,flavonol glycoside,,,,,,HPLC,,,,,,
506,87,Vincamine,alkaloid,monoterpene indole alkaloid,,,,,,HPLC,,,,,,
507,87,Vinpocetine,alkaloid,monoterpene indole alkaloid,,,,,,HPLC,,,,,,
508,87,Vincadifformine,alkaloid,monoterpene indole alkaloid,,,,,,LC-MS,,,,,,
509,87,Minovincine,alkaloid,monoterpene indole alkaloid,,,,,,LC-MS,,,,,,
510,87,Reserpine,alkaloid,indole alkaloid,,,,,,HPLC,,,,,,
511,87,Quercetin,flavonoid,flavonol,,,,,,HPLC,,,,,,
512,88,Rutacridone,alkaloid,acridone alkaloid,,,,,,LC-MS,,,,,,
513,88,Graveoline,alkaloid,furoquinoline alkaloid,,,,,,LC-MS,,,,,,
514,88,Rutin,flavonoid,flavonol glycoside,,,,,,HPLC,,,,,,
515,88,Bergapten,other,furanocoumarin,,,,,,HPLC,,,,,,
516,88,Psoralen,other,furanocoumarin,,,,,,HPLC,,,,,,
517,88,Quercetin,flavonoid,flavonol,,,,,,HPLC,,,,,,
518,89,Ferutinin,terpenoid,sesquiterpene terpenol,,,,,,HPLC,,,,,,
519,89,Farnesiferol A,terpenoid,sesquiterpene coumarin,,,,,,LC-MS,,,,,,
520,89,Tingitanone,terpenoid,sesquiterpene lactone,,,,,,LC-MS,,,,,,
521,89,Umbelliferone,other,coumarin,,,,,,HPLC,,,,,,
522,89,Ferulic acid,polyphenol,hydroxycinnamic acid,,,,,,HPLC,,,,,,
523,89,Isoimperatorin,other,furanocoumarin,,,,,,HPLC,,,,,,
524,90,Inuviscolide,terpenoid,sesquiterpene lactone,,,,,,LC-MS,,,,,,
525,90,Tomentosin,terpenoid,sesquiterpene lactone,,,,,,LC-MS,,,,,,
526,90,Ilicic acid,terpenoid,sesquiterpene acid,,,,,,HPLC,,,,,,
527,90,Quercetin,flavonoid,flavonol,,,,,,HPLC,,,,,,
528,90,Luteolin,flavonoid,flavone,,,,,,HPLC,,,,,,
529,90,Chlorogenic acid,polyphenol,hydroxycinnamic acid,,,,,,HPLC,,,,,,
530,91,Pellitorine,other,alkylamide,,,,,,LC-MS,,,,,,
531,91,Anacyclin,other,alkylamide,,,,,,LC-MS,,,,,,
532,91,Pyrethrin I,terpenoid,monoterpene ester,,,,,,GC-MS,,,,,,
533,91,Inulin,other,fructan polysaccharide,,,,,,GC-MS,,,,,,
534,91,Luteolin,flavonoid,flavone,,,,,,HPLC,,,,,,
535,91,Caffeic acid,polyphenol,hydroxycinnamic acid,,,,,,HPLC,,,,,,
536,92,Scillarenin A,terpenoid,bufadienolide cardiac glycoside,,,,,,LC-MS,,,,,,
537,92,Proscillaridine A,terpenoid,bufadienolide cardiac glycoside,,,,,,LC-MS,,,,,,
538,92,Scillaren A,terpenoid,bufadienolide cardiac glycoside,,,,,,LC-MS,,,,,,
539,92,Scilliroside,terpenoid,bufadienolide glycoside,,,,,,LC-MS,,,,,,
540,92,Scilliglaucoside,terpenoid,bufadienolide,,,,,,LC-MS,,,,,,
541,92,Quercetin,flavonoid,flavonol,,,,,,HPLC,,,,,,
542,93,Atropine,alkaloid,tropane alkaloid,,,,,,GC-MS,,,,,,
543,93,Scopolamine,alkaloid,tropane alkaloid,,,,,,GC-MS,,,,,,
544,93,Hyoscyamine,alkaloid,tropane alkaloid,,,,,,GC-MS,,,,,,
545,93,Mandragorine,alkaloid,tropane alkaloid,,,,,,LC-MS,,,,,,
546,93,Cuscohygrine,alkaloid,pyrrolidine alkaloid,,,,,,LC-MS,,,,,,
547,93,Scopoletin,other,coumarin,,,,,,HPLC,,,,,,
548,94,Berberine,alkaloid,isoquinoline alkaloid,,,,,,HPLC,,,,,,
549,94,Berbamine,alkaloid,bisbenzylisoquinoline alkaloid,,,,,,LC-MS,,,,,,
550,94,Palmatine,alkaloid,isoquinoline alkaloid,,,,,,HPLC,,,,,,
551,94,Jatrorrhizine,alkaloid,isoquinoline alkaloid,,,,,,LC-MS,,,,,,
552,94,Quercetin,flavonoid,flavonol,,,,,,HPLC,,,,,,
553,94,Kaempferol,flavonoid,flavonol,,,,,,HPLC,,,,,,
554,95,4-Hydroxyisoleucine,other,non-proteinogenic amino acid,,,,,,HPLC,,,,,,
555,95,Trigonelline,alkaloid,pyridine alkaloid,,,,,,HPLC,,,,,,
556,95,Diosgenin,terpenoid,steroidal sapogenin,,,,,,HPLC,,,,,,
557,95,Vitexin,flavonoid,flavone C-glycoside,,,,,,LC-MS,,,,,,
558,95,Quercetin,flavonoid,flavonol,,,,,,HPLC,,,,,,
559,95,Graecunin,terpenoid,steroidal saponin,,,,,,LC-MS,,,,,,
560,96,Charantin,terpenoid,cucurbitane triterpenoid,,,,,,HPLC,,,,,,
561,96,Momordicin I,terpenoid,cucurbitacin glycoside,,,,,,LC-MS,,,,,,
562,96,Momordicin II,terpenoid,cucurbitacin glycoside,,,,,,LC-MS,,,,,,
563,96,Vicine,other,pyrimidine glycoalkaloid,,,,,,HPLC,,,,,,
564,96,Quercetin,flavonoid,flavonol,,,,,,HPLC,,,,,,
565,96,Kaempferol,flavonoid,flavonol,,,,,,HPLC,,,,,,
566,97,Oleuropein,other,secoiridoid glycoside,,,,,,HPLC,,,,,,
567,97,Hydroxytyrosol,polyphenol,phenylethanol,,,,,,HPLC,,,,,,
568,97,Oleocanthal,other,secoiridoid,,,,,,LC-MS,,,,,,
569,97,Squalene,terpenoid,triterpene precursor,,,,,,GC-MS,,,,,,
570,97,Rutin,flavonoid,flavonol glycoside,,,,,,HPLC,,,,,,
571,97,Quercetin,flavonoid,flavonol,,,,,,HPLC,,,,,,
572,98,Silybin A,flavonoid,flavonolignan,,,,,,HPLC,,,,,,
573,98,Silybin B,flavonoid,flavonolignan,,,,,,HPLC,,,,,,
574,98,Silydianin,flavonoid,flavonolignan,,,,,,HPLC,,,,,,
575,98,Silychristin,flavonoid,flavonolignan,,,,,,HPLC,,,,,,
576,98,Taxifolin,flavonoid,flavanonol,,,,,,HPLC,,,,,,
577,98,Isosilybin A,flavonoid,flavonolignan,,,,,,LC-MS,,,,,,
578,99,Cynarin,polyphenol,dicaffeoylquinic acid,,,,,,HPLC,,,,,,
579,99,Chlorogenic acid,polyphenol,hydroxycinnamic acid,,,,,,HPLC,,,,,,
580,99,Luteolin,flavonoid,flavone,,,,,,HPLC,,,,,,
581,99,Apigenin,flavonoid,flavone,,,,,,HPLC,,,,,,
582,99,Cynaroside,flavonoid,flavone glycoside,,,,,,LC-MS,,,,,,
583,99,Scolymoside,flavonoid,flavone glycoside,,,,,,LC-MS,,,,,,
584,100,Tartaric acid,polyphenol,organic acid,,,,,,HPLC,,,,,,
585,100,Vitexin,flavonoid,flavone C-glycoside,,,,,,LC-MS,,,,,,
586,100,Orientin,flavonoid,flavone C-glycoside,,,,,,LC-MS,,,,,,
587,100,Luteolin,flavonoid,flavone,,,,,,HPLC,,,,,,
588,100,Apigenin,flavonoid,flavone,,,,,,HPLC,,,,,,
589,100,beta-Sitosterol,terpenoid,phytosterol,,,,,,GC-MS,,,,,,
590,101,Emblicanin A,polyphenol,ellagitannin,,,,,,LC-MS,,,,,,
591,101,Emblicanin B,polyphenol,ellagitannin,,,,,,LC-MS,,,,,,
592,101,Ellagic acid,polyphenol,ellagic acid,,,,,,HPLC,,,,,,
593,101,Gallic acid,polyphenol,phenolic acid,,,,,,HPLC,,,,,,
594,101,Chebulagic acid,polyphenol,ellagitannin,,,,,,LC-MS,,,,,,
595,101,Quercetin,flavonoid,flavonol,,,,,,HPLC,,,,,,
596,102,11-keto-beta-boswellic acid,terpenoid,pentacyclic triterpene acid,,,,,,HPLC,,,,,,
597,102,Acetyl-11-keto-beta-boswellic acid,terpenoid,pentacyclic triterpene acid,,,,,,HPLC,,,,,,
598,102,alpha-Boswellic acid,terpenoid,pentacyclic triterpene acid,,,,,,HPLC,,,,,,
599,102,Incensole acetate,terpenoid,diterpene,,,,,,GC-MS,,,,,,
600,102,alpha-Pinene,terpenoid,monoterpene,,,,,,GC-MS,,,,,,
601,102,Luteolin,flavonoid,flavone,,,,,,HPLC,,,,,,
602,103,Eugenol,polyphenol,phenylpropanoid,,,,,,GC-MS,,,,,,
603,103,Eugenyl acetate,polyphenol,phenylpropanoid ester,,,,,,GC-MS,,,,,,
604,103,beta-Caryophyllene,terpenoid,sesquiterpene,,,,,,GC-MS,,,,,,
605,103,Isoeugenol,polyphenol,phenylpropanoid,,,,,,GC-MS,,,,,,
606,103,Quercetin,flavonoid,flavonol,,,,,,HPLC,,,,,,
607,103,Gallic acid,polyphenol,phenolic acid,,,,,,HPLC,,,,,,
608,104,Daphnoretin,polyphenol,coumarin,,,,,,HPLC,,,,,,
609,104,Thymelaeamine,alkaloid,phenethylamine,,,,,,LC-MS,,,,,,
610,104,Rutin,flavonoid,flavonol glycoside,,,,,,HPLC,,,,,,
611,104,Quercetin,flavonoid,flavonol,,,,,,HPLC,,,,,,
612,104,Luteolin,flavonoid,flavone,,,,,,HPLC,,,,,,
613,104,Umbelliferone,polyphenol,simple coumarin,,,,,,HPLC,,,,,,
614,105,Masticadienonic acid,terpenoid,tetracyclic triterpene acid,,,,,,HPLC,,,,,,
615,105,Isomasticadienonic acid,terpenoid,tetracyclic triterpene acid,,,,,,HPLC,,,,,,
616,105,Oleanolic acid,terpenoid,oleanane triterpene,,,,,,HPLC,,,,,,
617,105,Quercetin,flavonoid,flavonol,,,,,,HPLC,,,,,,
618,105,Myricetin,flavonoid,flavonol,,,,,,HPLC,,,,,,
619,105,Gallic acid,polyphenol,phenolic acid,,,,,,HPLC,,,,,,
620,106,Cedrol,terpenoid,sesquiterpene alcohol,,,,,,GC-MS,,,,,,
621,106,alpha-Pinene,terpenoid,monoterpene,,,,,,GC-MS,,,,,,
622,106,beta-Pinene,terpenoid,monoterpene,,,,,,GC-MS,,,,,,
623,106,Podophyllotoxin,other,aryltetralin lignan,,,,,,HPLC,,,,,,
624,106,Deoxypodophyllotoxin,other,aryltetralin lignan,,,,,,LC-MS,,,,,,
625,106,Quercetin,flavonoid,flavonol,,,,,,HPLC,,,,,,
626,107,Sparteine,alkaloid,quinolizidine alkaloid,,,,,,GC-MS,,,,,,
627,107,Lupanine,alkaloid,quinolizidine alkaloid,,,,,,GC-MS,,,,,,
628,107,Kaempferol,flavonoid,flavonol,,,,,,HPLC,,,,,,
629,107,Quercetin,flavonoid,flavonol,,,,,,HPLC,,,,,,
630,107,Apigenin,flavonoid,flavone,,,,,,HPLC,,,,,,
631,107,Caffeic acid,polyphenol,hydroxycinnamic acid,,,,,,HPLC,,,,,,
632,108,Atractyloside,terpenoid,diterpenoid glycoside,,,,,,LC-MS,,,,,,
633,108,Carboxyatractyloside,terpenoid,diterpenoid glycoside,,,,,,LC-MS,,,,,,
634,108,Gummiferin,terpenoid,diterpenoid,,,,,,LC-MS,,,,,,
635,108,Luteolin,flavonoid,flavone,,,,,,HPLC,,,,,,
636,108,Chlorogenic acid,polyphenol,hydroxycinnamic acid,,,,,,HPLC,,,,,,
637,108,Caffeic acid,polyphenol,hydroxycinnamic acid,,,,,,HPLC,,,,,,
638,109,Hertianone,terpenoid,sesquiterpene ketone,,,,,,GC-MS,,,,,,
639,109,Hertiacheirifolin,terpenoid,sesquiterpene lactone,,,,,,LC-MS,,,,,,
640,109,Luteolin,flavonoid,flavone,,,,,,HPLC,,,,,,
641,109,Chlorogenic acid,polyphenol,hydroxycinnamic acid,,,,,,HPLC,,,,,,
642,109,Caffeic acid,polyphenol,hydroxycinnamic acid,,,,,,HPLC,,,,,,
643,109,Quercetin,flavonoid,flavonol,,,,,,HPLC,,,,,,
644,110,Thymol,terpenoid,phenylpropanoid monoterpene,,,,,,GC-MS,,,,,,
645,110,Carvacrol,terpenoid,phenylpropanoid monoterpene,,,,,,GC-MS,,,,,,
646,110,gamma-Terpinene,terpenoid,monoterpene,,,,,,GC-MS,,,,,,
647,110,p-Cymene,terpenoid,monoterpene,,,,,,GC-MS,,,,,,
648,110,Linalool,terpenoid,monoterpene,,,,,,GC-MS,,,,,,
649,110,Apigenin,flavonoid,flavone,,,,,,HPLC,,,,,,
650,111,alpha-Bisabolol,terpenoid,sesquiterpene alcohol,,,,,,GC-MS,,,,,,
651,111,Santolina alcohol,terpenoid,sesquiterpene alcohol,,,,,,GC-MS,,,,,,
652,111,Artemisia ketone,terpenoid,irregular monoterpene,,,,,,GC-MS,,,,,,
653,111,Spathulenol,terpenoid,sesquiterpene,,,,,,GC-MS,,,,,,
654,111,Chamazulene,terpenoid,sesquiterpene,,,,,,GC-MS,,,,,,
655,111,Luteolin,flavonoid,flavone,,,,,,HPLC,,,,,,
656,112,Salicylic acid,polyphenol,hydroxybenzoic acid,,,,,,HPLC,,,,,,
657,112,Chlorogenic acid,polyphenol,hydroxycinnamic acid,,,,,,HPLC,,,,,,
658,112,Luteolin,flavonoid,flavone,,,,,,HPLC,,,,,,
659,112,Apigenin,flavonoid,flavone,,,,,,HPLC,,,,,,
660,112,Quercetin,flavonoid,flavonol,,,,,,HPLC,,,,,,
661,112,Cynaropicrin,terpenoid,sesquiterpene lactone,,,,,,LC-MS,,,,,,
662,113,Aucubin,other,iridoid glycoside,,,,,,LC-MS,,,,,,
663,113,Acteoside,polyphenol,phenylethanoid glycoside,,,,,,LC-MS,,,,,,
664,113,Luteolin,flavonoid,flavone,,,,,,HPLC,,,,,,
665,113,Apigenin,flavonoid,flavone,,,,,,HPLC,,,,,,
666,113,Chlorogenic acid,polyphenol,hydroxycinnamic acid,,,,,,HPLC,,,,,,
667,113,Ursolic acid,terpenoid,pentacyclic triterpene,,,,,,HPLC,,,,,,
668,114,20-Hydroxyecdysone,terpenoid,phytoecdysteroid,,,,,,HPLC,,,,,,
669,114,Ajugarin I,terpenoid,clerodane diterpene,,,,,,LC-MS,,,,,,
670,114,Harpagide,other,iridoid glycoside,,,,,,LC-MS,,,,,,
671,114,Luteolin,flavonoid,flavone,,,,,,HPLC,,,,,,
672,114,Apigenin,flavonoid,flavone,,,,,,HPLC,,,,,,
673,114,Chlorogenic acid,polyphenol,hydroxycinnamic acid,,,,,,HPLC,,,,,,
674,115,Luteolin,flavonoid,flavone,,,,,,HPLC,,,,,,
675,115,Apigenin,flavonoid,flavone,,,,,,HPLC,,,,,,
676,115,Chlorogenic acid,polyphenol,hydroxycinnamic acid,,,,,,HPLC,,,,,,
677,115,Cynarin,polyphenol,dicaffeoylquinic acid,,,,,,HPLC,,,,,,
678,115,Caffeic acid,polyphenol,hydroxycinnamic acid,,,,,,HPLC,,,,,,
679,115,Inulin,other,fructan polysaccharide,,,,,,HPLC,,,,,,
680,116,Luteolin,flavonoid,flavone,,,,,,HPLC,,,,,,
681,116,Apigenin,flavonoid,flavone,,,,,,HPLC,,,,,,
682,116,Chlorogenic acid,polyphenol,hydroxycinnamic acid,,,,,,HPLC,,,,,,
683,116,Ursolic acid,terpenoid,pentacyclic triterpene,,,,,,HPLC,,,,,,
684,116,Chrysanthemin,flavonoid,anthocyanin glycoside,,,,,,LC-MS,,,,,,
685,116,Caffeic acid,polyphenol,hydroxycinnamic acid,,,,,,HPLC,,,,,,
686,117,Eryngial,terpenoid,monoterpene aldehyde,,,,,,GC-MS,,,,,,
687,117,Rosmarinic acid,polyphenol,hydroxycinnamic acid,,,,,,HPLC,,,,,,
688,117,Luteolin,flavonoid,flavone,,,,,,HPLC,,,,,,
689,117,Quercetin,flavonoid,flavonol,,,,,,HPLC,,,,,,
690,117,Caffeic acid,polyphenol,hydroxycinnamic acid,,,,,,HPLC,,,,,,
691,117,beta-Sitosterol,terpenoid,phytosterol,,,,,,GC-MS,,,,,,
692,118,Poliumoside,polyphenol,phenylethanoid glycoside,,,,,,LC-MS,,,,,,
693,118,Teupolin I,terpenoid,neoclerodane diterpene,,,,,,LC-MS,,,,,,
694,118,Quercetin,flavonoid,flavonol,,,,,,HPLC,,,,,,
695,118,Apigenin,flavonoid,flavone,,,,,,HPLC,,,,,,
696,118,Luteolin,flavonoid,flavone,,,,,,HPLC,,,,,,
697,118,Caffeic acid,polyphenol,hydroxycinnamic acid,,,,,,HPLC,,,,,,
698,119,Rosmarinic acid,polyphenol,hydroxycinnamic acid,,,,,,HPLC,,,,,,
699,119,Carnosic acid,terpenoid,abietane diterpene acid,,,,,,HPLC,,,,,,
700,119,Ursolic acid,terpenoid,pentacyclic triterpene,,,,,,HPLC,,,,,,
701,119,Luteolin,flavonoid,flavone,,,,,,HPLC,,,,,,
702,119,Apigenin,flavonoid,flavone,,,,,,HPLC,,,,,,
703,119,Caffeic acid,polyphenol,hydroxycinnamic acid,,,,,,HPLC,,,,,,
704,120,Inulin,other,fructan polysaccharide,,,,,,HPLC,,,,,,
705,120,Dehydrocostus lactone,terpenoid,sesquiterpene lactone,,,,,,LC-MS,,,,,,
706,120,Luteolin,flavonoid,flavone,,,,,,HPLC,,,,,,
707,120,Chlorogenic acid,polyphenol,hydroxycinnamic acid,,,,,,HPLC,,,,,,
708,120,Caffeic acid,polyphenol,hydroxycinnamic acid,,,,,,HPLC,,,,,,
709,120,beta-Sitosterol,terpenoid,phytosterol,,,,,,GC-MS,,,,,,
710,121,Swertiamarin,other,iridoid glycoside,,,,,,LC-MS,,,,,,
711,121,Gentiopicroside,other,iridoid glycoside,,,,,,LC-MS,,,,,,
712,121,Erythricine,other,xanthone,,,,,,LC-MS,,,,,,
713,121,Apigenin,flavonoid,flavone,,,,,,HPLC,,,,,,
714,121,Luteolin,flavonoid,flavone,,,,,,HPLC,,,,,,
715,121,Caffeic acid,polyphenol,hydroxycinnamic acid,,,,,,HPLC,,,,,,
716,122,Rosmarinic acid,polyphenol,hydroxycinnamic acid,,,,,,HPLC,,,,,,
717,122,Echimidine,alkaloid,pyrrolizidine alkaloid,,,,,,LC-MS,,,,,,
718,122,Cynoglossine,alkaloid,pyrrolizidine alkaloid,,,,,,LC-MS,,,,,,
719,122,Quercetin,flavonoid,flavonol,,,,,,HPLC,,,,,,
720,122,Luteolin,flavonoid,flavone,,,,,,HPLC,,,,,,
721,122,Chlorogenic acid,polyphenol,hydroxycinnamic acid,,,,,,HPLC,,,,,,
722,123,Quercetin,flavonoid,flavonol,,,,,,HPLC,,,,,,
723,123,Kaempferol,flavonoid,flavonol,,,,,,HPLC,,,,,,
724,123,Luteolin,flavonoid,flavone,,,,,,HPLC,,,,,,
725,123,Caffeic acid,polyphenol,hydroxycinnamic acid,,,,,,HPLC,,,,,,
726,123,Oleanolic acid,terpenoid,oleanane triterpene,,,,,,HPLC,,,,,,
727,123,beta-Sitosterol,terpenoid,phytosterol,,,,,,GC-MS,,,,,,
728,124,Myricetin,flavonoid,flavonol,,,,,,HPLC,,,,,,
729,124,Quercetin,flavonoid,flavonol,,,,,,HPLC,,,,,,
730,124,Kaempferol,flavonoid,flavonol,,,,,,HPLC,,,,,,
731,124,Gallic acid,polyphenol,phenolic acid,,,,,,HPLC,,,,,,
732,124,Ellagic acid,polyphenol,ellagic acid,,,,,,HPLC,,,,,,
733,124,Rutin,flavonoid,flavonol glycoside,,,,,,HPLC,,,,,,
734,125,Isorhamnetin,flavonoid,flavonol,,,,,,HPLC,,,,,,
735,125,Quercetin,flavonoid,flavonol,,,,,,HPLC,,,,,,
736,125,Rutin,flavonoid,flavonol glycoside,,,,,,HPLC,,,,,,
737,125,Ferulic acid,polyphenol,hydroxycinnamic acid,,,,,,HPLC,,,,,,
738,125,Caffeic acid,polyphenol,hydroxycinnamic acid,,,,,,HPLC,,,,,,
739,125,Betaine,other,quaternary ammonium compound,,,,,,LC-MS,,,,,,
740,126,Tamarixetin,flavonoid,O-methylflavonol,,,,,,HPLC,,,,,,
741,126,Isorhamnetin,flavonoid,flavonol,,,,,,HPLC,,,,,,
742,126,Quercetin,flavonoid,flavonol,,,,,,HPLC,,,,,,
743,126,Gallic acid,polyphenol,phenolic acid,,,,,,HPLC,,,,,,
744,126,Ellagic acid,polyphenol,ellagic acid,,,,,,HPLC,,,,,,
745,126,Methyl gallate,polyphenol,phenolic acid ester,,,,,,LC-MS,,,,,,
746,127,Inulicin,terpenoid,sesquiterpene lactone,,,,,,LC-MS,,,,,,
747,127,Quercetin,flavonoid,flavonol,,,,,,HPLC,,,,,,
748,127,Luteolin,flavonoid,flavone,,,,,,HPLC,,,,,,
749,127,Caffeic acid,polyphenol,hydroxycinnamic acid,,,,,,HPLC,,,,,,
750,127,Chlorogenic acid,polyphenol,hydroxycinnamic acid,,,,,,HPLC,,,,,,
751,127,Ursolic acid,terpenoid,pentacyclic triterpene,,,,,,HPLC,,,,,,
752,128,Isorhamnetin,flavonoid,flavonol,,,,,,HPLC,,,,,,
753,128,Quercetin,flavonoid,flavonol,,,,,,HPLC,,,,,,
754,128,Caffeic acid,polyphenol,hydroxycinnamic acid,,,,,,HPLC,,,,,,
755,128,Ferulic acid,polyphenol,hydroxycinnamic acid,,,,,,HPLC,,,,,,
756,128,beta-Sitosterol,terpenoid,phytosterol,,,,,,GC-MS,,,,,,
757,128,Betaine,other,quaternary ammonium compound,,,,,,LC-MS,,,,,,
758,129,Dehydroeffusol,other,phenanthrene,,,,,,LC-MS,,,,,,
759,129,Juncunol,other,phenanthrene,,,,,,LC-MS,,,,,,
760,129,Luteolin,flavonoid,flavone,,,,,,HPLC,,,,,,
761,129,Apigenin,flavonoid,flavone,,,,,,HPLC,,,,,,
762,129,Caffeic acid,polyphenol,hydroxycinnamic acid,,,,,,HPLC,,,,,,
763,129,p-Coumaric acid,polyphenol,hydroxycinnamic acid,,,,,,HPLC,,,,,,
764,130,p-Coumaric acid,polyphenol,hydroxycinnamic acid,,,,,,HPLC,,,,,,
765,130,Ferulic acid,polyphenol,hydroxycinnamic acid,,,,,,HPLC,,,,,,
766,130,Apigenin,flavonoid,flavone,,,,,,HPLC,,,,,,
767,130,Luteolin,flavonoid,flavone,,,,,,HPLC,,,,,,
768,130,Caffeic acid,polyphenol,hydroxycinnamic acid,,,,,,HPLC,,,,,,
769,130,beta-Sitosterol,terpenoid,phytosterol,,,,,,GC-MS,,,,,,
770,131,Formononetin,flavonoid,isoflavone,,,,,,HPLC,,,,,,
771,131,Biochanin A,flavonoid,isoflavone,,,,,,HPLC,,,,,,
772,131,Daidzein,flavonoid,isoflavone,,,,,,LC-MS,,,,,,
773,131,Coumestrol,flavonoid,coumestan,,,,,,LC-MS,,,,,,
774,131,Luteolin,flavonoid,flavone,,,,,,HPLC,,,,,,
775,131,Chlorogenic acid,polyphenol,hydroxycinnamic acid,,,,,,HPLC,,,,,,
776,132,Agnuside,other,iridoid glycoside,,,,,,LC-MS,,,,,,
777,132,Aucubin,other,iridoid glycoside,,,,,,LC-MS,,,,,,
778,132,Casticin,flavonoid,polymethoxyflavone,,,,,,HPLC,,,,,,
779,132,Vitexin,flavonoid,flavone C-glycoside,,,,,,LC-MS,,,,,,
780,132,Luteolin,flavonoid,flavone,,,,,,HPLC,,,,,,
781,132,Rotundifuran,terpenoid,labdane diterpene,,,,,,GC-MS,,,,,,
782,133,Betaine,other,quaternary ammonium compound,,,,,,LC-MS,,,,,,
783,133,Zeaxanthin,terpenoid,xanthophyll carotenoid,,,,,,HPLC,,,,,,
784,133,Rutin,flavonoid,flavonol glycoside,,,,,,HPLC,,,,,,
785,133,Chlorogenic acid,polyphenol,hydroxycinnamic acid,,,,,,HPLC,,,,,,
786,133,Caffeic acid,polyphenol,hydroxycinnamic acid,,,,,,HPLC,,,,,,
787,133,beta-Sitosterol,terpenoid,phytosterol,,,,,,GC-MS,,,,,,
788,134,Cappariloside A,other,glucosinolate,,,,,,LC-MS,,,,,,
789,134,Rutin,flavonoid,flavonol glycoside,,,,,,HPLC,,,,,,
790,134,Stachydrine,alkaloid,pyrrolidine alkaloid,,,,,,LC-MS,,,,,,
791,134,Capparispine,alkaloid,isoquinoline alkaloid,,,,,,LC-MS,,,,,,
792,134,beta-Sitosterol,terpenoid,phytosterol,,,,,,GC-MS,,,,,,
793,134,Isothiocyanate,other,sulfur compound,,,,,,GC-MS,,,,,,
794,135,Lupeol,terpenoid,lupane triterpenoid,,,,,,GC-MS,,,,,,
795,135,Ursolic acid,terpenoid,ursane triterpenoid,,,,,,HPLC,,,,,,
796,135,Bergapten,other,furanocoumarin,,,,,,HPLC,,,,,,
797,135,Psoralen,other,furanocoumarin,,,,,,HPLC,,,,,,
798,135,Rutin,flavonoid,flavonol glycoside,,,,,,HPLC,,,,,,
799,135,Ficusin,flavonoid,flavone,,,,,,LC-MS,,,,,,
800,136,Quercetin,flavonoid,flavonol,,,,,,HPLC,,,,,,
801,136,Kaempferol,flavonoid,flavonol,,,,,,HPLC,,,,,,
802,136,Catechin,flavonoid,flavan-3-ol,,,,,,HPLC,,,,,,
803,136,Ellagic acid,polyphenol,ellagitannin,,,,,,LC-MS,,,,,,
804,136,Gallic acid,polyphenol,gallotannin,,,,,,HPLC,,,,,,
805,136,Ursolic acid,terpenoid,ursane triterpenoid,,,,,,GC-MS,,,,,,
806,137,Pulicarin,flavonoid,flavone glycoside,,,,,,LC-MS,,,,,,
807,137,Luteolin,flavonoid,flavone,,,,,,HPLC,,,,,,
808,137,Chrysoeriol,flavonoid,flavone,,,,,,HPLC,,,,,,
809,137,Thymol,terpenoid,monoterpene phenol,,,,,,GC-MS,,,,,,
810,137,Carvacrol,terpenoid,monoterpene phenol,,,,,,GC-MS,,,,,,
811,137,Caffeic acid,polyphenol,hydroxycinnamic acid,,,,,,HPLC,,,,,,
812,138,Isorhamnetin,flavonoid,flavonol,,,,,,HPLC,,,,,,
813,138,Kaempferol-3-glucoside,flavonoid,flavonol glycoside,,,,,,LC-MS,,,,,,
814,138,Naringenin,flavonoid,flavanone,,,,,,HPLC,,,,,,
815,138,Alhaginin A,flavonoid,isoflavone,,,,,,LC-MS,,,,,,
816,138,Gallic acid,polyphenol,gallotannin,,,,,,HPLC,,,,,,
817,138,beta-Sitosterol,terpenoid,phytosterol,,,,,,GC-MS,,,,,,
818,139,Taraxasterol,terpenoid,oleanane triterpenoid,,,,,,GC-MS,,,,,,
819,139,Luteolin,flavonoid,flavone,,,,,,HPLC,,,,,,
820,139,Apigenin,flavonoid,flavone,,,,,,HPLC,,,,,,
821,139,Chicoric acid,polyphenol,dicaffeoyltartaric acid,,,,,,LC-MS,,,,,,
822,139,Chlorogenic acid,polyphenol,hydroxycinnamic acid,,,,,,HPLC,,,,,,
823,139,beta-Sitosterol,terpenoid,phytosterol,,,,,,GC-MS,,,,,,
824,140,Scoparin,flavonoid,C-glycosylflavone,,,,,,LC-MS,,,,,,
825,140,Isoscoparin,flavonoid,C-glycosylflavone,,,,,,LC-MS,,,,,,
826,140,Kaempferol,flavonoid,flavonol,,,,,,HPLC,,,,,,
827,140,Rutin,flavonoid,flavonol glycoside,,,,,,HPLC,,,,,,
828,140,Betaine,other,quaternary ammonium,,,,,,LC-MS,,,,,,
829,140,Caffeic acid,polyphenol,hydroxycinnamic acid,,,,,,HPLC,,,,,,
830,141,Ephedrine,alkaloid,phenethylamine alkaloid,,,,,,LC-MS,,,,,,
831,141,Pseudoephedrine,alkaloid,phenethylamine alkaloid,,,,,,LC-MS,,,,,,
832,141,Methylephedrine,alkaloid,phenethylamine alkaloid,,,,,,LC-MS,,,,,,
833,141,Catechin,flavonoid,flavan-3-ol,,,,,,HPLC,,,,,,
834,141,Procyanidin B2,flavonoid,proanthocyanidin,,,,,,LC-MS,,,,,,
835,141,Quercetin,flavonoid,flavonol,,,,,,HPLC,,,,,,
836,142,Scilliroside,terpenoid,bufadienolide glycoside,,,,,,LC-MS,,,,,,
837,142,Proscillaridine A,terpenoid,bufadienolide glycoside,,,,,,LC-MS,,,,,,
838,142,Scilliglaucoside,terpenoid,bufadienolide glycoside,,,,,,LC-MS,,,,,,
839,142,Scillirosidine,terpenoid,bufadienolide aglycone,,,,,,HPLC,,,,,,
840,142,Glucoscilliphaeoside,terpenoid,bufadienolide glycoside,,,,,,LC-MS,,,,,,
841,142,Quercetin,flavonoid,flavonol,,,,,,HPLC,,,,,,
842,143,Pergularinine,alkaloid,tropane alkaloid,,,,,,LC-MS,,,,,,
843,143,Calactin,terpenoid,cardenolide,,,,,,LC-MS,,,,,,
844,143,Uzarigenin,terpenoid,cardenolide aglycone,,,,,,HPLC,,,,,,
845,143,Quitenine,alkaloid,pyrrolidizine alkaloid,,,,,,LC-MS,,,,,,
846,143,Rutin,flavonoid,flavonol glycoside,,,,,,HPLC,,,,,,
847,143,Oleanolic acid,terpenoid,oleanane triterpenoid,,,,,,GC-MS,,,,,,
848,144,Quercetin,flavonoid,flavonol,,,,,,HPLC,,,,,,
849,144,Kaempferol,flavonoid,flavonol,,,,,,HPLC,,,,,,
850,144,Catechin,flavonoid,flavan-3-ol,,,,,,HPLC,,,,,,
851,144,Gallic acid,polyphenol,gallotannin,,,,,,HPLC,,,,,,
852,144,Ellagic acid,polyphenol,ellagitannin,,,,,,LC-MS,,,,,,
853,144,beta-Sitosterol,terpenoid,phytosterol,,,,,,GC-MS,,,,,,
854,145,Daphnoretin,other,coumarin,,,,,,HPLC,,,,,,
855,145,Genkwanin,flavonoid,flavone,,,,,,HPLC,,,,,,
856,145,Apigenin,flavonoid,flavone,,,,,,HPLC,,,,,,
857,145,Thymelol,terpenoid,diterpene phenol,,,,,,GC-MS,,,,,,
858,145,Rutin,flavonoid,flavonol glycoside,,,,,,HPLC,,,,,,
859,145,Oleanolic acid,terpenoid,oleanane triterpenoid,,,,,,GC-MS,,,,,,
860,146,Asperuloside,terpenoid,iridoid glycoside,,,,,,LC-MS,,,,,,
861,146,Luteolin,flavonoid,flavone,,,,,,HPLC,,,,,,
862,146,Quercetin,flavonoid,flavonol,,,,,,HPLC,,,,,,
863,146,Chlorogenic acid,polyphenol,hydroxycinnamic acid,,,,,,HPLC,,,,,,
864,146,Caffeic acid,polyphenol,hydroxycinnamic acid,,,,,,HPLC,,,,,,
865,146,Ursolic acid,terpenoid,ursane triterpenoid,,,,,,GC-MS,,,,,,
866,147,Isorhamnetin,flavonoid,flavonol,,,,,,HPLC,,,,,,
867,147,Kaempferol-3-glucoside,flavonoid,flavonol glycoside,,,,,,LC-MS,,,,,,
868,147,Scopoletin,other,coumarin,,,,,,HPLC,,,,,,
869,147,Betaine,other,quaternary ammonium,,,,,,LC-MS,,,,,,
870,147,Oleanolic acid,terpenoid,oleanane triterpenoid,,,,,,GC-MS,,,,,,
871,147,Caffeic acid,polyphenol,hydroxycinnamic acid,,,,,,HPLC,,,,,,
872,148,Myricetin,flavonoid,flavonol,,,,,,HPLC,,,,,,
873,148,Quercetin-3-glucuronide,flavonoid,flavonol glycoside,,,,,,LC-MS,,,,,,
874,148,Kaempferol,flavonoid,flavonol,,,,,,HPLC,,,,,,
875,148,Catechin,flavonoid,flavan-3-ol,,,,,,HPLC,,,,,,
876,148,Gallic acid,polyphenol,gallotannin,,,,,,HPLC,,,,,,
877,148,Ellagic acid,polyphenol,ellagitannin,,,,,,LC-MS,,,,,,
878,149,Rosmarinic acid,polyphenol,caffeic acid ester,,,,,,HPLC,,,,,,
879,149,Luteolin,flavonoid,flavone,,,,,,HPLC,,,,,,
880,149,Apigenin,flavonoid,flavone,,,,,,HPLC,,,,,,
881,149,Naringenin,flavonoid,flavanone,,,,,,HPLC,,,,,,
882,149,Ursolic acid,terpenoid,ursane triterpenoid,,,,,,GC-MS,,,,,,
883,149,Caffeic acid,polyphenol,hydroxycinnamic acid,,,,,,HPLC,,,,,,
884,150,Fagoninamide,alkaloid,pyrrole alkaloid,,,,,,LC-MS,,,,,,
885,150,Kaempferol,flavonoid,flavonol,,,,,,HPLC,,,,,,
886,150,Isorhamnetin,flavonoid,flavonol,,,,,,HPLC,,,,,,
887,150,Quercetin,flavonoid,flavonol,,,,,,HPLC,,,,,,
888,150,Ursolic acid,terpenoid,ursane triterpenoid,,,,,,GC-MS,,,,,,
889,150,Saponin,terpenoid,triterpenoid saponin,,,,,,colorimetric,,,,,,
890,151,Leptadenyol,terpenoid,triterpene alcohol,,,,,,GC-MS,,,,,,
891,151,Oleanolic acid,terpenoid,oleanane triterpenoid,,,,,,GC-MS,,,,,,
892,151,Stigmasterol,terpenoid,phytosterol,,,,,,GC-MS,,,,,,
893,151,Rutin,flavonoid,flavonol glycoside,,,,,,HPLC,,,,,,
894,151,Quercetin,flavonoid,flavonol,,,,,,HPLC,,,,,,
895,151,Ferulic acid,polyphenol,hydroxycinnamic acid,,,,,,HPLC,,,,,,
896,152,Isorhamnetin,flavonoid,flavonol,,,,,,HPLC,,,,,,
897,152,Kaempferol,flavonoid,flavonol,,,,,,HPLC,,,,,,
898,152,Betaine,other,quaternary ammonium,,,,,,LC-MS,,,,,,
899,152,Scopoletin,other,coumarin,,,,,,HPLC,,,,,,
900,152,Gallic acid,polyphenol,gallotannin,,,,,,HPLC,,,,,,
901,152,Oxalate,other,organic acid,,,,,,colorimetric,,,,,,
902,153,Cucurbitacin E,terpenoid,tetracyclic triterpenoid,,,,,,LC-MS,,,,,,
903,153,Cucurbitacin I,terpenoid,tetracyclic triterpenoid,,,,,,LC-MS,,,,,,
904,153,Colocynthoside A,terpenoid,cucurbitane glycoside,,,,,,LC-MS,,,,,,
905,153,Quercetin,flavonoid,flavonol,,,,,,HPLC,,,,,,
906,153,Caffeic acid,polyphenol,hydroxycinnamic acid,,,,,,HPLC,,,,,,
907,153,beta-Sitosterol,terpenoid,phytosterol,,,,,,GC-MS,,,,,,
908,154,Hibiscus acid,polyphenol,organic acid,,,,,,HPLC,,,,,,
909,154,Cyanidin-3-glucoside,flavonoid,anthocyanin,,,,,,LC-MS,,,,,,
910,154,Delphinidin-3-glucoside,flavonoid,anthocyanin,,,,,,LC-MS,,,,,,
911,154,Chlorogenic acid,polyphenol,hydroxycinnamic acid,,,,,,HPLC,,,,,,
912,154,Protocatechuic acid,polyphenol,hydroxybenzoic acid,,,,,,HPLC,,,,,,
913,154,Quercetin,flavonoid,flavonol,,,,,,HPLC,,,,,,
914,155,Xanthotoxin,other,furanocoumarin,,,,,,HPLC,,,,,,
915,155,Bergapten,other,furanocoumarin,,,,,,HPLC,,,,,,
916,155,Isopimpinellin,other,furanocoumarin,,,,,,HPLC,,,,,,
917,155,Khellin,other,furochromone,,,,,,HPLC,,,,,,
918,155,Visnagin,other,furochromone,,,,,,HPLC,,,,,,
919,155,Quercetin,flavonoid,flavonol,,,,,,HPLC,,,,,,
920,156,Trigonelline,alkaloid,pyridine alkaloid,,,,,,LC-MS,,,,,,
921,156,Diosgenin,terpenoid,steroidal sapogenin,,,,,,HPLC,,,,,,
922,156,Vitexin,flavonoid,C-glycosylflavone,,,,,,LC-MS,,,,,,
923,156,Orientin,flavonoid,C-glycosylflavone,,,,,,LC-MS,,,,,,
924,156,Naringenin,flavonoid,flavanone,,,,,,HPLC,,,,,,
925,156,4-Hydroxyisoleucine,other,non-proteinogenic amino acid,,,,,,LC-MS,,,,,,
926,157,Echinopsine,alkaloid,quinazoline alkaloid,,,,,,LC-MS,,,,,,
927,157,Echinozolinone,alkaloid,quinazoline alkaloid,,,,,,LC-MS,,,,,,
928,157,Pedonculagin,polyphenol,ellagitannin,,,,,,LC-MS,,,,,,
929,157,Luteolin,flavonoid,flavone,,,,,,HPLC,,,,,,
930,157,Apigenin,flavonoid,flavone,,,,,,HPLC,,,,,,
931,157,Chlorogenic acid,polyphenol,hydroxycinnamic acid,,,,,,HPLC,,,,,,
932,158,Jaceosidin,flavonoid,flavone,,,,,,HPLC,,,,,,
933,158,Saloniteno,flavonoid,flavone,,,,,,LC-MS,,,,,,
934,158,Chlorogenic acid,polyphenol,hydroxycinnamic acid,,,,,,HPLC,,,,,,
935,158,Cynaropicrin,terpenoid,sesquiterpene lactone,,,,,,LC-MS,,,,,,
936,158,Luteolin,flavonoid,flavone,,,,,,HPLC,,,,,,
937,158,Caffeic acid,polyphenol,hydroxycinnamic acid,,,,,,HPLC,,,,,,
938,159,Atropine,alkaloid,tropane alkaloid,,,,,,LC-MS,,,,,,
939,159,Scopolamine,alkaloid,tropane alkaloid,,,,,,LC-MS,,,,,,
940,159,Hyoscyamine,alkaloid,tropane alkaloid,,,,,,LC-MS,,,,,,
941,159,Apoatropine,alkaloid,tropane alkaloid,,,,,,HPLC,,,,,,
942,159,beta-Sitosterol,terpenoid,phytosterol,,,,,,GC-MS,,,,,,
943,159,Chlorogenic acid,polyphenol,hydroxycinnamic acid,,,,,,HPLC,,,,,,
944,160,Proximadiol,terpenoid,sesquiterpene diol,,,,,,GC-MS,,,,,,
945,160,Geraniol,terpenoid,monoterpene alcohol,,,,,,GC-MS,,,,,,
946,160,Citronellal,terpenoid,monoterpene aldehyde,,,,,,GC-MS,,,,,,
947,160,Borneol,terpenoid,bicyclic monoterpene,,,,,,GC-MS,,,,,,
948,160,Linalool,terpenoid,monoterpene alcohol,,,,,,GC-MS,,,,,,
949,160,Caffeic acid,polyphenol,hydroxycinnamic acid,,,,,,HPLC,,,,,,
950,161,Niloticane,terpenoid,bicyclic diterpene,,,,,,GC-MS,,,,,,
951,161,Catechin,flavonoid,flavan-3-ol,,,,,,HPLC,,,,,,
952,161,Gallic acid,polyphenol,gallotannin,,,,,,HPLC,,,,,,
953,161,Ellagic acid,polyphenol,ellagitannin,,,,,,LC-MS,,,,,,
954,161,Luteolin,flavonoid,flavone,,,,,,HPLC,,,,,,
955,161,Quercetin-3-rutinoside,flavonoid,flavonol glycoside,,,,,,HPLC,,,,,,
956,162,Hyoscyamine,alkaloid,tropane alkaloid,,,,,,LC-MS,,,,,,
957,162,Scopolamine,alkaloid,tropane alkaloid,,,,,,LC-MS,,,,,,
958,162,Aposcopolamine,alkaloid,tropane alkaloid,,,,,,LC-MS,,,,,,
959,162,Calystegine A,alkaloid,nortropane alkaloid,,,,,,LC-MS,,,,,,
960,162,Nicotine,alkaloid,pyridine alkaloid,,,,,,GC-MS,,,,,,
961,162,Caffeic acid,polyphenol,hydroxycinnamic acid,,,,,,HPLC,,,,,,
962,163,Solanine,alkaloid,steroidal glycoalkaloid,,,,,,LC-MS,,,,,,
963,163,Solamargine,alkaloid,steroidal glycoalkaloid,,,,,,LC-MS,,,,,,
964,163,Solasonine,alkaloid,steroidal glycoalkaloid,,,,,,LC-MS,,,,,,
965,163,Chaconine,alkaloid,steroidal glycoalkaloid,,,,,,LC-MS,,,,,,
966,163,Diosgenin,terpenoid,steroidal sapogenin,,,,,,HPLC,,,,,,
967,163,Chlorogenic acid,polyphenol,hydroxycinnamic acid,,,,,,HPLC,,,,,,
968,164,Scopolamine,alkaloid,tropane alkaloid,,,,,,LC-MS,,,,,,
969,164,Atropine,alkaloid,tropane alkaloid,,,,,,LC-MS,,,,,,
970,164,Meteloidine,alkaloid,tropane alkaloid,,,,,,LC-MS,,,,,,
971,164,Daturametine,alkaloid,tropane alkaloid,,,,,,LC-MS,,,,,,
972,164,Apoatropine,alkaloid,tropane alkaloid,,,,,,HPLC,,,,,,
973,164,Caffeic acid,polyphenol,hydroxycinnamic acid,,,,,,HPLC,,,,,,
974,165,Lycorine,alkaloid,Amaryllidaceae alkaloid,,,,,,LC-MS,,,,,,
975,165,Crinamine,alkaloid,Amaryllidaceae alkaloid,,,,,,LC-MS,,,,,,
976,165,Haemanthamine,alkaloid,Amaryllidaceae alkaloid,,,,,,LC-MS,,,,,,
977,165,Crinamidine,alkaloid,Amaryllidaceae alkaloid,,,,,,LC-MS,,,,,,
978,165,Powelline,alkaloid,Amaryllidaceae alkaloid,,,,,,LC-MS,,,,,,
979,165,Ungeremine,alkaloid,Amaryllidaceae alkaloid,,,,,,LC-MS,,,,,,
980,166,Narciclasine,alkaloid,Amaryllidaceae alkaloid,,,,,,LC-MS,,,,,,
981,166,Pancratistatin,alkaloid,Amaryllidaceae alkaloid,,,,,,LC-MS,,,,,,
982,166,Lycoricidine,alkaloid,Amaryllidaceae alkaloid,,,,,,LC-MS,,,,,,
983,166,Haemanthamine,alkaloid,Amaryllidaceae alkaloid,,,,,,LC-MS,,,,,,
984,166,Lycorine,alkaloid,Amaryllidaceae alkaloid,,,,,,LC-MS,,,,,,
985,166,Tazettine,alkaloid,Amaryllidaceae alkaloid,,,,,,LC-MS,,,,,,
986,167,Narciclasine,alkaloid,Amaryllidaceae alkaloid,,,,,,LC-MS,,,,,,
987,167,Lycorine,alkaloid,Amaryllidaceae alkaloid,,,,,,LC-MS,,,,,,
988,167,Haemanthamine,alkaloid,Amaryllidaceae alkaloid,,,,,,LC-MS,,,,,,
989,167,Tazettine,alkaloid,Amaryllidaceae alkaloid,,,,,,LC-MS,,,,,,
990,167,Galanthamine,alkaloid,Amaryllidaceae alkaloid,,,,,,LC-MS,,,,,,
991,167,Montanine,alkaloid,Amaryllidaceae alkaloid,,,,,,LC-MS,,,,,,
992,168,Scillaren A,terpenoid,bufadienolide glycoside,,,,,,LC-MS,,,,,,
993,168,Proscillaridine A,terpenoid,bufadienolide glycoside,,,,,,LC-MS,,,,,,
994,168,Glucoscilliaren,terpenoid,bufadienolide glycoside,,,,,,LC-MS,,,,,,
995,168,Scilliglaucoside,terpenoid,bufadienolide glycoside,,,,,,LC-MS,,,,,,
996,168,Scilliroside,terpenoid,bufadienolide glycoside,,,,,,LC-MS,,,,,,
997,168,Quercetin,flavonoid,flavonol,,,,,,HPLC,,,,,,
998,169,Protoveratrine A,alkaloid,steroidal alkaloid,,,,,,LC-MS,,,,,,
999,169,Protoveratrine B,alkaloid,steroidal alkaloid,,,,,,LC-MS,,,,,,
1000,169,Jervine,alkaloid,steroidal alkaloid,,,,,,LC-MS,,,,,,
1001,169,Veratramine,alkaloid,steroidal alkaloid,,,,,,LC-MS,,,,,,
1002,169,Cevadine,alkaloid,steroidal alkaloid,,,,,,LC-MS,,,,,,
1003,169,Germine,alkaloid,steroidal alkaloid,,,,,,LC-MS,,,,,,
1004,170,Colchicine,alkaloid,tropolone alkaloid,,,,,,HPLC,,,,,,
1005,170,Demecolcine,alkaloid,tropolone alkaloid,,,,,,HPLC,,,,,,
1006,170,Colchicoside,alkaloid,tropolone glycoside,,,,,,LC-MS,,,,,,
1007,170,3-Demethylcolchicine,alkaloid,tropolone alkaloid,,,,,,LC-MS,,,,,,
1008,170,Lumicolchicine,alkaloid,tropolone alkaloid,,,,,,HPLC,,,,,,
1009,170,N-Formyldeacetylcolchicine,alkaloid,tropolone alkaloid,,,,,,LC-MS,,,,,,
1010,171,Colchicine,alkaloid,tropolone alkaloid,,,,,,HPLC,,,,,,
1011,171,Gloriosine,alkaloid,tropolone alkaloid,,,,,,LC-MS,,,,,,
1012,171,Superbine,alkaloid,tropolone alkaloid,,,,,,LC-MS,,,,,,
1013,171,Colchicoside,alkaloid,tropolone glycoside,,,,,,LC-MS,,,,,,
1014,171,3-Demethylcolchicine,alkaloid,tropolone alkaloid,,,,,,LC-MS,,,,,,
1015,171,Gloriosol,terpenoid,triterpenoid alcohol,,,,,,GC-MS,,,,,,
